Member,Order,SKU,Created.On,Description
M38622,6431665,7548730,1/10/2014 12:06,Organic Flours
M38622,6431665,15668477,1/10/2014 12:06,Exotic Vegetables
M38622,6431665,7571385,1/10/2014 12:06,"Glucose, Marie & Milk Biscuits"
M38622,6431665,7587679,1/10/2014 12:06,Organic Flours
M38622,6431665,7587688,1/10/2014 12:06,Organic Masalas & Spices
M38622,6431665,7628037,1/10/2014 12:06,Ghee
M38622,6431665,7587658,1/10/2014 12:06,"Organic Salt,Sugar & Jaggery"
M38622,6431665,15670251,1/10/2014 12:06,Organic F&V
M38622,6431665,7587495,1/10/2014 12:06,Organic Dals & Pulses
M38622,6431665,34990375,1/10/2014 12:06,Healthy & Digestive Biscuits
M38622,6431665,7632452,1/10/2014 12:06,Liquid Detergent
M38622,6431665,21410666,1/10/2014 12:06,Organic Dals & Pulses
M38622,6431665,21410667,1/10/2014 12:06,Organic Flours
M38622,6431665,34990372,1/10/2014 12:06,Healthy & Digestive Biscuits
M38622,6431665,7543295,1/10/2014 12:06,Organic Masalas & Spices
M38622,6431665,21410748,1/10/2014 12:06,Organic Juices
M38622,6431665,7587661,1/10/2014 12:06,Organic Dals & Pulses
M38622,6431665,21410627,1/10/2014 12:06,Organic Masalas & Spices
M38622,6431665,7543241,1/10/2014 12:06,Organic Dals & Pulses
M38622,6431665,21410677,1/10/2014 12:06,Organic Masalas & Spices
M38622,6431665,7587659,1/10/2014 12:06,Organic Dals & Pulses
M38622,6431665,21410629,1/10/2014 12:06,Organic Edible Oils & Ghee
M38622,6431665,15669819,1/10/2014 12:06,Other Dals
M38622,6431665,15670144,1/10/2014 12:06,Organic F&V
M38622,6431665,7570497,1/10/2014 12:06,Toothpaste
M38622,6431665,34990553,1/10/2014 12:06,Healthy & Digestive Biscuits
M38622,6431665,15668416,1/10/2014 12:06,Banana
M38622,6431665,7570671,1/10/2014 12:06,Liquid Soaps & Bars
M38622,6431665,7587657,1/10/2014 12:06,Organic Dals & Pulses
M38622,6431665,7541573,1/10/2014 12:06,"Glucose, Marie & Milk Biscuits"
M38622,6431665,7587687,1/10/2014 12:06,Organic Masalas & Spices
M38622,6431665,7629391,1/10/2014 12:06,"Glucose, Marie & Milk Biscuits"
M38622,6431665,7663376,1/10/2014 12:06,Mosquito Repellent
M38622,6479695,7543247,26-09-2014 13:46,Organic Dals & Pulses
M38622,6479695,15668688,26-09-2014 13:46,Root Vegetables
M38622,6479695,15669870,26-09-2014 13:46,Sooji & Rava
M38622,6479695,15669965,26-09-2014 13:46,Raisins
M38622,6479695,15669856,26-09-2014 13:46,Sugar
M38622,6479695,15669871,26-09-2014 13:46,Other Rice Products
M38622,6479695,15670255,26-09-2014 13:46,Organic F&V
M38622,6479695,15669886,26-09-2014 13:46,Sooji & Rava
M38622,6479695,15670260,26-09-2014 13:46,Organic F&V
M38622,6503362,15668381,14-09-2014 16:51,Other Vegetables
M38622,6503362,7587655,14-09-2014 16:51,Organic Rice & Rice Products
M38622,6503362,7587659,14-09-2014 16:51,Organic Dals & Pulses
M38622,6503362,7587661,14-09-2014 16:51,Organic Dals & Pulses
M38622,6503362,15668451,14-09-2014 16:51,Brinjals
M38622,6503362,7587688,14-09-2014 16:51,Organic Masalas & Spices
M38622,6503362,7587673,14-09-2014 16:51,Organic Dals & Pulses
M38622,6503362,15669810,14-09-2014 16:51,Almonds
M38622,6503362,7628037,14-09-2014 16:51,Ghee
M38622,6503362,7587495,14-09-2014 16:51,Organic Dals & Pulses
M38622,6503362,7587696,14-09-2014 16:51,Organic Masalas & Spices
M38622,6503362,7587678,14-09-2014 16:51,Organic Dals & Pulses
M38622,6503362,7587672,14-09-2014 16:51,Organic Masalas & Spices
M38622,6503362,7587494,14-09-2014 16:51,Organic Masalas & Spices
M38622,6503362,15668455,14-09-2014 16:51,Brinjals
M38622,6503362,7587687,14-09-2014 16:51,Organic Masalas & Spices
M38622,6503362,15668416,14-09-2014 16:51,Banana
M38622,6503362,34994233,14-09-2014 16:51,Organic F&V
M38622,6503362,21410679,14-09-2014 16:51,Organic Dry Fruits
M38622,6503362,21410627,14-09-2014 16:51,Organic Masalas & Spices
M38622,6503362,34934318,14-09-2014 16:51,Organic Masalas & Spices
M38622,6503362,15670157,14-09-2014 16:51,Organic F&V
M38622,6503362,21410748,14-09-2014 16:51,Organic Juices
M38622,6503362,21410750,14-09-2014 16:51,Organic Juices
M38622,6503362,93009339,14-09-2014 16:51,Organic Flours
M38622,6503362,7543241,14-09-2014 16:51,Organic Dals & Pulses
M38622,6503362,15670252,14-09-2014 16:51,Organic F&V
M38622,6503362,15670251,14-09-2014 16:51,Organic F&V
M38622,6503362,15670259,14-09-2014 16:51,Organic F&V
M38622,6503362,34934493,14-09-2014 16:51,Chips
M38622,6503362,15670144,14-09-2014 16:51,Organic F&V
M38622,6503362,7570567,14-09-2014 16:51,Toffee & Candy
M38622,6520498,15670260,19-09-2014 16:50,Organic F&V
M38622,6520498,34938526,19-09-2014 16:50,Other Sweets
M38622,6520498,15670251,19-09-2014 16:50,Organic F&V
M38622,6520498,15668449,19-09-2014 16:50,Exotic Vegetables
M38622,6526396,15670252,4/9/2014 12:22,Organic F&V
M38622,6526396,21410748,4/9/2014 12:22,Organic Juices
M38622,6526396,7601670,4/9/2014 12:22,Shaving Blade & Razors
M38622,6526396,15669836,4/9/2014 12:22,Raw Rice
M38622,6526396,21410750,4/9/2014 12:22,Organic Juices
M38622,6526396,15668381,4/9/2014 12:22,Other Vegetables
M38622,6526396,15670144,4/9/2014 12:22,Organic F&V
M38622,6526396,34994233,4/9/2014 12:22,Organic F&V
M38622,6574211,7587495,30-08-2014 20:33,Organic Dals & Pulses
M38622,6574211,7587658,30-08-2014 20:33,"Organic Salt,Sugar & Jaggery"
M38622,6574211,15670255,30-08-2014 20:33,Organic F&V
M38622,6574211,7571385,30-08-2014 20:33,"Glucose, Marie & Milk Biscuits"
M38622,6574211,7587674,30-08-2014 20:33,Organic Masalas & Spices
M38622,6574211,7587492,30-08-2014 20:33,"Organic Salt,Sugar & Jaggery"
M38622,6574211,15670251,30-08-2014 20:33,Organic F&V
M38622,6574211,21410748,30-08-2014 20:33,Organic Juices
M38622,6574211,21410749,30-08-2014 20:33,Organic Juices
M38622,6574211,21410750,30-08-2014 20:33,Organic Juices
M38622,6574211,7587491,30-08-2014 20:33,Organic Flours
M38622,6574211,7587688,30-08-2014 20:33,Organic Masalas & Spices
M38622,6574211,21409125,30-08-2014 20:33,Sugar Cubes
M38622,6574211,15670260,30-08-2014 20:33,Organic F&V
M38622,6574211,7587693,30-08-2014 20:33,Organic Masalas & Spices
M38622,6574211,15668688,30-08-2014 20:33,Root Vegetables
M38622,6574211,7587663,30-08-2014 20:33,Organic Dals & Pulses
M38622,6574211,15668416,30-08-2014 20:33,Banana
M38622,6574211,15670157,30-08-2014 20:33,Organic F&V
M38622,6574211,7587687,30-08-2014 20:33,Organic Masalas & Spices
M38622,6574211,7587667,30-08-2014 20:33,Organic Dals & Pulses
M38622,6574211,21410627,30-08-2014 20:33,Organic Masalas & Spices
M38622,6574211,15670252,30-08-2014 20:33,Organic F&V
M38622,6574211,93105684,30-08-2014 20:33,Organic Masalas & Spices
M38622,6574211,7628037,30-08-2014 20:33,Ghee
M38622,6616307,7587661,23-08-2014 21:18,Organic Dals & Pulses
M38622,6616307,15670144,23-08-2014 21:18,Organic F&V
M38622,6616307,15670251,23-08-2014 21:18,Organic F&V
M38622,6616307,15670255,23-08-2014 21:18,Organic F&V
M38622,6616307,21410628,23-08-2014 21:18,Organic Dry Fruits
M38622,6616307,15668416,23-08-2014 21:18,Banana
M38622,6616307,15670250,23-08-2014 21:18,Organic F&V
M38622,6616307,7587495,23-08-2014 21:18,Organic Dals & Pulses
M38622,6616307,7640186,23-08-2014 21:18,Honey
M38622,6616307,34994233,23-08-2014 21:18,Organic F&V
M38622,6616307,15670157,23-08-2014 21:18,Organic F&V
M38622,6616307,15670252,23-08-2014 21:18,Organic F&V
M38622,6616307,7642488,23-08-2014 21:18,Ice Creams & Desserts
M38622,6616307,15668381,23-08-2014 21:18,Other Vegetables
M38622,6616307,15668477,23-08-2014 21:18,Exotic Vegetables
M38622,6616307,15670259,23-08-2014 21:18,Organic F&V
M38622,6647712,15670157,12/8/2014 23:29,Organic F&V
M38622,6647712,7628037,12/8/2014 23:29,Ghee
M38622,6647712,15668381,12/8/2014 23:29,Other Vegetables
M38622,6647712,7587492,12/8/2014 23:29,"Organic Salt,Sugar & Jaggery"
M38622,6647712,93009339,12/8/2014 23:29,Organic Flours
M38622,6647712,21410628,12/8/2014 23:29,Organic Dry Fruits
M38622,6647712,7571385,12/8/2014 23:29,"Glucose, Marie & Milk Biscuits"
M38622,6647712,15670251,12/8/2014 23:29,Organic F&V
M38622,6647712,15670250,12/8/2014 23:29,Organic F&V
M38622,6647712,7587696,12/8/2014 23:29,Organic Masalas & Spices
M38622,6647712,15668416,12/8/2014 23:29,Banana
M38622,6647712,15670248,12/8/2014 23:29,Organic F&V
M38622,6647712,15668466,12/8/2014 23:29,Root Vegetables
M38622,6647712,15670144,12/8/2014 23:29,Organic F&V
M38622,6647712,15669882,12/8/2014 23:29,Sooji & Rava
M38622,6647712,15668460,12/8/2014 23:29,Gourd & Cucumber
M38622,6647712,7629390,12/8/2014 23:29,"Glucose, Marie & Milk Biscuits"
M38622,6647712,15670252,12/8/2014 23:29,Organic F&V
M38622,6647712,15668449,12/8/2014 23:29,Exotic Vegetables
M38622,6667053,7587658,31-07-2014 16:15,"Organic Salt,Sugar & Jaggery"
M38622,6667053,34986130,31-07-2014 16:15,Whole Spices
M38622,6667053,21408940,31-07-2014 16:15,Whole Grains
M38622,6667053,7587691,31-07-2014 16:15,Organic Masalas & Spices
M38622,6667053,7587675,31-07-2014 16:15,Organic Dals & Pulses
M38622,6667053,21410627,31-07-2014 16:15,Organic Masalas & Spices
M38622,6667053,7587495,31-07-2014 16:15,Organic Dals & Pulses
M38622,6667053,15670144,31-07-2014 16:15,Organic F&V
M38622,6667053,21409125,31-07-2014 16:15,Sugar Cubes
M38622,6667053,15668460,31-07-2014 16:15,Gourd & Cucumber
M38622,6667053,7587655,31-07-2014 16:15,Organic Rice & Rice Products
M38622,6667053,15668381,31-07-2014 16:15,Other Vegetables
M38622,6716077,15668688,26-07-2014 22:34,Root Vegetables
M38622,6716077,15670157,26-07-2014 22:34,Organic F&V
M38622,6716077,15670250,26-07-2014 22:34,Organic F&V
M38622,6716077,15670251,26-07-2014 22:34,Organic F&V
M38622,6716077,15668416,26-07-2014 22:34,Banana
M38622,6716077,7570928,26-07-2014 22:34,Shaving Brush
M38622,6716077,15670144,26-07-2014 22:34,Organic F&V
M38622,6716077,7601669,26-07-2014 22:34,Shaving Blade & Razors
M38622,6716077,15668381,26-07-2014 22:34,Other Vegetables
M38622,6716077,15670252,26-07-2014 22:34,Organic F&V
M38622,6738016,7587663,14-07-2014 11:02,Organic Dals & Pulses
M38622,6738016,15668460,14-07-2014 11:02,Gourd & Cucumber
M38622,6738016,21409002,14-07-2014 11:02,Moong Dal
M38622,6738016,21410627,14-07-2014 11:02,Organic Masalas & Spices
M38622,6738016,7587678,14-07-2014 11:02,Organic Dals & Pulses
M38622,6738016,15669870,14-07-2014 11:02,Sooji & Rava
M38622,6738016,7587661,14-07-2014 11:02,Organic Dals & Pulses
M38622,6738016,7632452,14-07-2014 11:02,Liquid Detergent
M38622,6738016,34989593,14-07-2014 11:02,Raisins
M38622,6738016,7587668,14-07-2014 11:02,Organic Masalas & Spices
M38622,6738016,7587664,14-07-2014 11:02,Organic Dals & Pulses
M38622,6738016,7587687,14-07-2014 11:02,Organic Masalas & Spices
M38622,6738016,21409129,14-07-2014 11:02,Whole Grains
M38622,6738016,7587679,14-07-2014 11:02,Organic Flours
M38622,6738016,7628037,14-07-2014 11:02,Ghee
M38622,6738016,7642810,14-07-2014 11:02,Basmati Rice
M38622,6738016,15669871,14-07-2014 11:02,Other Rice Products
M38622,6738016,15668466,14-07-2014 11:02,Root Vegetables
M38622,6738016,7587674,14-07-2014 11:02,Organic Masalas & Spices
M38622,6738016,7587667,14-07-2014 11:02,Organic Dals & Pulses
M38622,6738016,7587494,14-07-2014 11:02,Organic Masalas & Spices
M38622,6738016,7587672,14-07-2014 11:02,Organic Masalas & Spices
M38622,6738016,15668688,14-07-2014 11:02,Root Vegetables
M38622,6738016,7587692,14-07-2014 11:02,Organic Masalas & Spices
M38622,6738016,7587491,14-07-2014 11:02,Organic Flours
M38622,6738016,21408940,14-07-2014 11:02,Whole Grains
M38622,6738016,7587656,14-07-2014 11:02,Organic Rice & Rice Products
M38622,6738016,21410628,14-07-2014 11:02,Organic Dry Fruits
M38622,6738016,15668458,14-07-2014 11:02,Brinjals
M38622,6738016,7587657,14-07-2014 11:02,Organic Dals & Pulses
M38622,6738016,7587658,14-07-2014 11:02,"Organic Salt,Sugar & Jaggery"
M38622,6738016,15668381,14-07-2014 11:02,Other Vegetables
M38622,6738016,15669880,14-07-2014 11:02,Sooji & Rava
M38622,6738016,7587673,14-07-2014 11:02,Organic Dals & Pulses
M38622,6738016,7587495,14-07-2014 11:02,Organic Dals & Pulses
M38622,6738016,15668463,14-07-2014 11:02,Gourd & Cucumber
M38622,6738016,7587694,14-07-2014 11:02,Organic Masalas & Spices
M38622,6738016,15669872,14-07-2014 11:02,Avalakki / Poha
M38622,6738016,15668478,14-07-2014 11:02,Banana
M38622,6738016,15669762,14-07-2014 11:02,Urad Dal
M38622,6738016,7543241,14-07-2014 11:02,Organic Dals & Pulses
M38622,6738016,7587493,14-07-2014 11:02,"Organic Salt,Sugar & Jaggery"
M38622,6772843,29247171,5/7/2014 14:36,Whole Spices
M38622,6772843,15668377,5/7/2014 14:36,Root Vegetables
M38622,6772843,7587658,5/7/2014 14:36,"Organic Salt,Sugar & Jaggery"
M38622,6772843,7543295,5/7/2014 14:36,Organic Masalas & Spices
M38622,6772843,15668416,5/7/2014 14:36,Banana
M38622,6772843,21410627,5/7/2014 14:36,Organic Masalas & Spices
M38622,6772843,34990686,5/7/2014 14:36,Soups
M38622,6772843,7587696,5/7/2014 14:36,Organic Masalas & Spices
M38622,6772843,15670259,5/7/2014 14:36,Organic F&V
M38622,6772843,15668463,5/7/2014 14:36,Gourd & Cucumber
M38622,6772843,15669769,5/7/2014 14:36,Other Dals
M38622,6772843,34987566,5/7/2014 14:36,Whole Spices
M38622,6772843,7587491,5/7/2014 14:36,Organic Flours
M38622,6772843,21408947,5/7/2014 14:36,Other Rice Products
M38622,6772843,7587495,5/7/2014 14:36,Organic Dals & Pulses
M38622,6772843,15669762,5/7/2014 14:36,Urad Dal
M38622,6772843,7587693,5/7/2014 14:36,Organic Masalas & Spices
M38622,6772843,7543241,5/7/2014 14:36,Organic Dals & Pulses
M38622,6772843,15668458,5/7/2014 14:36,Brinjals
M38622,6772843,15670144,5/7/2014 14:36,Organic F&V
M38622,6772843,15669817,5/7/2014 14:36,Whole Spices
M38622,6772843,7587670,5/7/2014 14:36,Organic Masalas & Spices
M38622,6772843,93105684,5/7/2014 14:36,Organic Masalas & Spices
M38622,6772843,7628037,5/7/2014 14:36,Ghee
M38622,6772843,34989476,5/7/2014 14:36,Soups
M38622,6785724,7587492,19-06-2014 11:45,"Organic Salt,Sugar & Jaggery"
M38622,6785724,15670260,19-06-2014 11:45,Organic F&V
M38622,6799728,21408940,24-06-2014 00:47,Whole Grains
M38622,6799728,15668688,24-06-2014 00:47,Root Vegetables
M38622,6799728,34934318,24-06-2014 00:47,Organic Masalas & Spices
M38622,6799728,7587492,24-06-2014 00:47,"Organic Salt,Sugar & Jaggery"
M38622,6799728,21410687,24-06-2014 00:47,Organic Dals & Pulses
M38622,6799728,15668466,24-06-2014 00:47,Root Vegetables
M38622,6799728,7587659,24-06-2014 00:47,Organic Dals & Pulses
M38622,6799728,7587491,24-06-2014 00:47,Organic Flours
M38622,6799728,7587658,24-06-2014 00:47,"Organic Salt,Sugar & Jaggery"
M38622,6799728,7587663,24-06-2014 00:47,Organic Dals & Pulses
M38622,6799728,7587661,24-06-2014 00:47,Organic Dals & Pulses
M38622,6799728,7587667,24-06-2014 00:47,Organic Dals & Pulses
M38622,6799728,15669870,24-06-2014 00:47,Sooji & Rava
M38622,6799728,7543241,24-06-2014 00:47,Organic Dals & Pulses
M38622,6799728,7587678,24-06-2014 00:47,Organic Dals & Pulses
M38622,6799728,7571385,24-06-2014 00:47,"Glucose, Marie & Milk Biscuits"
M38622,6799728,15668463,24-06-2014 00:47,Gourd & Cucumber
M38622,6799728,15668460,24-06-2014 00:47,Gourd & Cucumber
M38622,6799728,15668458,24-06-2014 00:47,Brinjals
M38622,6799728,34990553,24-06-2014 00:47,Healthy & Digestive Biscuits
M38622,6799728,7587657,24-06-2014 00:47,Organic Dals & Pulses
M38622,6799728,15668381,24-06-2014 00:47,Other Vegetables
M38622,6799728,7587494,24-06-2014 00:47,Organic Masalas & Spices
M38622,6799728,15669872,24-06-2014 00:47,Avalakki / Poha
M38622,6799728,7587495,24-06-2014 00:47,Organic Dals & Pulses
M38622,6803757,34990553,25-06-2014 16:23,Healthy & Digestive Biscuits
M38622,7347945,7587661,16-10-2013 13:06,Organic Dals & Pulses
M38622,7347945,15669832,16-10-2013 13:06,Sugar
M38622,7347945,7587663,16-10-2013 13:06,Organic Dals & Pulses
M38622,7347945,15668449,16-10-2013 13:06,Exotic Vegetables
M38622,7347945,15668477,16-10-2013 13:06,Exotic Vegetables
M38622,7347945,34987566,16-10-2013 13:06,Whole Spices
M38622,7347945,15668458,16-10-2013 13:06,Brinjals
M38622,7347945,7587495,16-10-2013 13:06,Organic Dals & Pulses
M38622,7347945,15670260,16-10-2013 13:06,Organic F&V
M38622,7347945,15668453,16-10-2013 13:06,Brinjals
M38622,7347945,7743303,16-10-2013 13:06,Other Insect Repellent
M38622,7347945,7663376,16-10-2013 13:06,Mosquito Repellent
M38622,7347945,15670252,16-10-2013 13:06,Organic F&V
M38622,7347945,15670157,16-10-2013 13:06,Organic F&V
M38622,7347945,7587673,16-10-2013 13:06,Organic Dals & Pulses
M38622,7347945,15668377,16-10-2013 13:06,Root Vegetables
M38622,7347945,21409129,16-10-2013 13:06,Whole Grains
M38622,7347945,7587658,16-10-2013 13:06,"Organic Salt,Sugar & Jaggery"
M38622,7347945,15669871,16-10-2013 13:06,Other Rice Products
M38622,7347945,15669817,16-10-2013 13:06,Whole Spices
M38622,7347945,21408940,16-10-2013 13:06,Whole Grains
M38622,7347945,15668466,16-10-2013 13:06,Root Vegetables
M38622,7357950,15668466,23-10-2013 00:03,Root Vegetables
M38622,7357950,15669838,23-10-2013 00:03,Raw Rice
M38622,7357950,21410627,23-10-2013 00:03,Organic Masalas & Spices
M38622,7357950,7587494,23-10-2013 00:03,Organic Masalas & Spices
M38622,7357950,15670250,23-10-2013 00:03,Organic F&V
M38622,7357950,15670252,23-10-2013 00:03,Organic F&V
M38622,7357950,15670259,23-10-2013 00:03,Organic F&V
M38622,7357950,7587491,23-10-2013 00:03,Organic Flours
M38622,7357950,7587492,23-10-2013 00:03,"Organic Salt,Sugar & Jaggery"
M38622,7357950,15670251,23-10-2013 00:03,Organic F&V
M38622,7357950,21408940,23-10-2013 00:03,Whole Grains
M38622,7357950,7587663,23-10-2013 00:03,Organic Dals & Pulses
M38622,7357950,15668449,23-10-2013 00:03,Exotic Vegetables
M38622,7357950,7587673,23-10-2013 00:03,Organic Dals & Pulses
M38622,7367335,15668463,27-10-2013 23:22,Gourd & Cucumber
M38622,7367335,15668688,27-10-2013 23:22,Root Vegetables
M38622,7367335,15668466,27-10-2013 23:22,Root Vegetables
M38622,7367335,7587696,27-10-2013 23:22,Organic Masalas & Spices
M38622,7367335,15670144,27-10-2013 23:22,Organic F&V
M38622,7367335,93105684,27-10-2013 23:22,Organic Masalas & Spices
M38622,7367335,7543247,27-10-2013 23:22,Organic Dals & Pulses
M38622,7367335,15669911,27-10-2013 23:22,Brinjals
M38622,7367335,15670252,27-10-2013 23:22,Organic F&V
M38622,7367335,34986127,27-10-2013 23:22,Whole Spices
M38622,7367335,21408940,27-10-2013 23:22,Whole Grains
M38622,7377656,15668466,25-09-2013 00:25,Root Vegetables
M38622,7377656,7587658,25-09-2013 00:25,"Organic Salt,Sugar & Jaggery"
M38622,7377656,21408940,25-09-2013 00:25,Whole Grains
M38622,7377656,15670260,25-09-2013 00:25,Organic F&V
M38622,7377656,15669832,25-09-2013 00:25,Sugar
M38622,7377656,7587494,25-09-2013 00:25,Organic Masalas & Spices
M38622,7377656,7632452,25-09-2013 00:25,Liquid Detergent
M38622,7377656,15668377,25-09-2013 00:25,Root Vegetables
M38622,7377656,7543241,25-09-2013 00:25,Organic Dals & Pulses
M38622,7377656,7571385,25-09-2013 00:25,"Glucose, Marie & Milk Biscuits"
M38622,7377656,7587692,25-09-2013 00:25,Organic Masalas & Spices
M38622,7377656,15670192,25-09-2013 00:25,Organic F&V
M38622,7377656,15670251,25-09-2013 00:25,Organic F&V
M38622,7377779,7653410,25-09-2013 08:23,Other Insect Repellent
M38622,7391002,15670252,2/10/2013 17:21,Organic F&V
M38622,7391002,15668460,2/10/2013 17:21,Gourd & Cucumber
M38622,7391002,15670157,2/10/2013 17:21,Organic F&V
M38622,7391002,21409002,2/10/2013 17:21,Moong Dal
M38622,7391002,21408940,2/10/2013 17:21,Whole Grains
M38622,7391002,7571385,2/10/2013 17:21,"Glucose, Marie & Milk Biscuits"
M38622,7391002,15668688,2/10/2013 17:21,Root Vegetables
M38622,7391002,15668449,2/10/2013 17:21,Exotic Vegetables
M38622,7391002,15668687,2/10/2013 17:21,Root Vegetables
M38622,7391002,15670260,2/10/2013 17:21,Organic F&V
M38622,7391002,29247172,2/10/2013 17:21,Whole Spices
M38622,7399027,7587673,6/10/2013 22:55,Organic Dals & Pulses
M38622,7399027,15670255,6/10/2013 22:55,Organic F&V
M38622,7399027,15668466,6/10/2013 22:55,Root Vegetables
M38622,7399027,92970608,6/10/2013 22:55,"Shaving Cream, Foam & Gels"
M38622,7399027,15668449,6/10/2013 22:55,Exotic Vegetables
M38622,7399027,7587661,6/10/2013 22:55,Organic Dals & Pulses
M38622,7399027,15668688,6/10/2013 22:55,Root Vegetables
M38622,7399027,92392797,6/10/2013 22:55,After Shave
M38622,7399027,15670260,6/10/2013 22:55,Organic F&V
M38622,7399027,15669910,6/10/2013 22:55,Brinjals
M38622,7399027,7587491,6/10/2013 22:55,Organic Flours
M38622,7399027,15668477,6/10/2013 22:55,Exotic Vegetables
M38622,7399027,15670157,6/10/2013 22:55,Organic F&V
M38622,7399027,15668460,6/10/2013 22:55,Gourd & Cucumber
M38622,7413023,15670255,7/9/2013 19:31,Organic F&V
M38622,7413023,7593949,7/9/2013 19:31,Cream Biscuits
M38622,7413023,15670157,7/9/2013 19:31,Organic F&V
M38622,7413023,21409129,7/9/2013 19:31,Whole Grains
M38622,7413023,21408940,7/9/2013 19:31,Whole Grains
M38622,7413023,7571385,7/9/2013 19:31,"Glucose, Marie & Milk Biscuits"
M38622,7413023,15670259,7/9/2013 19:31,Organic F&V
M38622,7413023,15669857,7/9/2013 19:31,Raw Peanuts
M38622,7413023,15670260,7/9/2013 19:31,Organic F&V
M38622,7413023,15670252,7/9/2013 19:31,Organic F&V
M38622,7421262,15670157,12/9/2013 23:54,Organic F&V
M38622,7421262,93289485,12/9/2013 23:54,Phenyles & Acids
M38622,7421262,15669870,12/9/2013 23:54,Sooji & Rava
M38622,7421262,15668458,12/9/2013 23:54,Brinjals
M38622,7421262,15668460,12/9/2013 23:54,Gourd & Cucumber
M38622,7421262,15668377,12/9/2013 23:54,Root Vegetables
M38622,7421262,34986131,12/9/2013 23:54,Whole Spices
M38622,7421262,15668466,12/9/2013 23:54,Root Vegetables
M38622,7421262,7587495,12/9/2013 23:54,Organic Dals & Pulses
M38622,7421262,15670255,12/9/2013 23:54,Organic F&V
M38622,7421262,7587696,12/9/2013 23:54,Organic Masalas & Spices
M38622,7421262,7587658,12/9/2013 23:54,"Organic Salt,Sugar & Jaggery"
M38622,7421262,15670242,12/9/2013 23:54,Organic F&V
M38622,7421262,15670251,12/9/2013 23:54,Organic F&V
M38622,7421262,7587492,12/9/2013 23:54,"Organic Salt,Sugar & Jaggery"
M38622,7421262,15670252,12/9/2013 23:54,Organic F&V
M38622,7421262,7587687,12/9/2013 23:54,Organic Masalas & Spices
M38622,7421262,15670260,12/9/2013 23:54,Organic F&V
M38622,7421262,15669880,12/9/2013 23:54,Sooji & Rava
M38622,7430530,7587677,18-09-2013 12:36,Organic Dals & Pulses
M38622,7430530,15668688,18-09-2013 12:36,Root Vegetables
M38622,7430530,15670192,18-09-2013 12:36,Organic F&V
M38622,7430530,34986135,18-09-2013 12:36,Whole Spices
M38622,7430530,7572858,18-09-2013 12:36,Other Pooja Needs
M38622,7430530,15668460,18-09-2013 12:36,Gourd & Cucumber
M38622,7430530,15670157,18-09-2013 12:36,Organic F&V
M38622,7430530,15670260,18-09-2013 12:36,Organic F&V
M38622,7430530,15670252,18-09-2013 12:36,Organic F&V
M38622,7430530,7587495,18-09-2013 12:36,Organic Dals & Pulses
M38622,7430530,7587665,18-09-2013 12:36,Organic Masalas & Spices
M38622,7430530,15669760,18-09-2013 12:36,Whole Spices
M38622,7446458,15669816,18-08-2013 22:47,Other Dals
M38622,7446458,34986127,18-08-2013 22:47,Whole Spices
M38622,7446458,7587658,18-08-2013 22:47,"Organic Salt,Sugar & Jaggery"
M38622,7446458,7587492,18-08-2013 22:47,"Organic Salt,Sugar & Jaggery"
M38622,7446458,7587661,18-08-2013 22:47,Organic Dals & Pulses
M38622,7446458,15669832,18-08-2013 22:47,Sugar
M38622,7446458,7587491,18-08-2013 22:47,Organic Flours
M38622,7446458,15670245,18-08-2013 22:47,Organic F&V
M38622,7446458,15668687,18-08-2013 22:47,Root Vegetables
M38622,7457536,15668476,26-08-2013 00:09,Exotic Vegetables
M38622,7457536,7587670,26-08-2013 00:09,Organic Masalas & Spices
M38622,7457536,7587687,26-08-2013 00:09,Organic Masalas & Spices
M38622,7457536,15670251,26-08-2013 00:09,Organic F&V
M38622,7457536,7543295,26-08-2013 00:09,Organic Masalas & Spices
M38622,7457536,7587691,26-08-2013 00:09,Organic Masalas & Spices
M38622,7457536,7587661,26-08-2013 00:09,Organic Dals & Pulses
M38622,7457536,15668449,26-08-2013 00:09,Exotic Vegetables
M38622,7457536,15668458,26-08-2013 00:09,Brinjals
M38622,7457536,15669834,26-08-2013 00:09,Raw Rice
M38622,7457536,7587688,26-08-2013 00:09,Organic Masalas & Spices
M38622,7457536,15670252,26-08-2013 00:09,Organic F&V
M38622,7457536,15669816,26-08-2013 00:09,Other Dals
M38622,7457842,21409002,26-08-2013 21:18,Moong Dal
M38622,7457842,7587495,26-08-2013 21:18,Organic Dals & Pulses
M38622,7457842,15669870,26-08-2013 21:18,Sooji & Rava
M38622,7463868,15670252,30-08-2013 12:01,Organic F&V
M38622,7463868,7735555,30-08-2013 12:01,Rasagulla & Gulab Jamun
M38622,7463868,21410628,30-08-2013 12:01,Organic Dry Fruits
M38622,7463868,7587661,30-08-2013 12:01,Organic Dals & Pulses
M38622,7463868,15670009,30-08-2013 12:01,Almonds
M38622,7463868,15669799,30-08-2013 12:01,Raisins
M38622,7463868,15670260,30-08-2013 12:01,Organic F&V
M38622,7463868,7587491,30-08-2013 12:01,Organic Flours
M38622,7463868,15668416,30-08-2013 12:01,Banana
M38622,7463868,15670251,30-08-2013 12:01,Organic F&V
M38622,7463868,15668688,30-08-2013 12:01,Root Vegetables
M38622,7468423,7737279,2/9/2013 0:00,"Shaving Cream, Foam & Gels"
M38622,7468423,7587667,2/9/2013 0:00,Organic Dals & Pulses
M38622,7468423,7601668,2/9/2013 0:00,Shaving Blade & Razors
M38622,7468423,7587677,2/9/2013 0:00,Organic Dals & Pulses
M38622,7468423,7653410,2/9/2013 0:00,Other Insect Repellent
M38622,7468423,15668460,2/9/2013 0:00,Gourd & Cucumber
M38622,7468423,15668377,2/9/2013 0:00,Root Vegetables
M38622,7468423,7587673,2/9/2013 0:00,Organic Dals & Pulses
M38622,7468423,7587492,2/9/2013 0:00,"Organic Salt,Sugar & Jaggery"
M38622,7482445,15670251,1/8/2013 18:56,Organic F&V
M38622,7482445,15669870,1/8/2013 18:56,Sooji & Rava
M38622,7482445,15670252,1/8/2013 18:56,Organic F&V
M38622,7482445,15670245,1/8/2013 18:56,Organic F&V
M38622,7482445,15670259,1/8/2013 18:56,Organic F&V
M38622,7482445,7587661,1/8/2013 18:56,Organic Dals & Pulses
M38622,7482445,15670163,1/8/2013 18:56,Organic F&V
M38622,7482445,15670158,1/8/2013 18:56,Organic F&V
M38622,7482445,7587495,1/8/2013 18:56,Organic Dals & Pulses
M38622,7482445,15670157,1/8/2013 18:56,Organic F&V
M38622,7482445,15668416,1/8/2013 18:56,Banana
M38622,7482445,15670196,1/8/2013 18:56,Organic F&V
M38622,7482445,7543240,1/8/2013 18:56,Organic Dals & Pulses
M38622,7482445,93105684,1/8/2013 18:56,Organic Masalas & Spices
M38622,7482445,92978776,1/8/2013 18:56,Basmati Rice
M38622,7482445,7587691,1/8/2013 18:56,Organic Masalas & Spices
M38622,7482445,7587491,1/8/2013 18:56,Organic Flours
M38622,7482445,15668688,1/8/2013 18:56,Root Vegetables
M38622,7493833,7543241,8/8/2013 0:25,Organic Dals & Pulses
M38622,7493833,7587687,8/8/2013 0:25,Organic Masalas & Spices
M38622,7493833,7587688,8/8/2013 0:25,Organic Masalas & Spices
M38622,7493833,15670259,8/8/2013 0:25,Organic F&V
M38622,7493833,15670245,8/8/2013 0:25,Organic F&V
M38622,7493833,7587658,8/8/2013 0:25,"Organic Salt,Sugar & Jaggery"
M38622,7493833,7587495,8/8/2013 0:25,Organic Dals & Pulses
M38622,7493833,15669870,8/8/2013 0:25,Sooji & Rava
M38622,7493833,7587492,8/8/2013 0:25,"Organic Salt,Sugar & Jaggery"
M38622,7493833,15670163,8/8/2013 0:25,Organic F&V
M38622,7493833,15670252,8/8/2013 0:25,Organic F&V
M38622,7493833,15670157,8/8/2013 0:25,Organic F&V
M38622,7493833,15668416,8/8/2013 0:25,Banana
M38622,7493833,15668463,8/8/2013 0:25,Gourd & Cucumber
M38622,7493833,15670251,8/8/2013 0:25,Organic F&V
M38622,7493833,15668687,8/8/2013 0:25,Root Vegetables
M38622,7493833,7587670,8/8/2013 0:25,Organic Masalas & Spices
M38622,7503003,15670251,13-08-2013 21:31,Organic F&V
M38622,7503003,15670260,13-08-2013 21:31,Organic F&V
M38622,7508686,15669887,7/7/2013 15:51,Maida
M38622,7508686,15670245,7/7/2013 15:51,Organic F&V
M38622,7508686,93105684,7/7/2013 15:51,Organic Masalas & Spices
M38622,7508686,15670196,7/7/2013 15:51,Organic F&V
M38622,7508686,15670010,7/7/2013 15:51,Almonds
M38622,7508686,15670157,7/7/2013 15:51,Organic F&V
M38622,7508686,15670159,7/7/2013 15:51,Organic F&V
M38622,7508686,7621702,7/7/2013 15:51,"Glucose, Marie & Milk Biscuits"
M38622,7508686,15669870,7/7/2013 15:51,Sooji & Rava
M38622,7508686,15670158,7/7/2013 15:51,Organic F&V
M38622,7514061,7573021,11/7/2013 0:23,Shaving Blade & Razors
M38622,7514061,15670251,11/7/2013 0:23,Organic F&V
M38622,7514061,15668416,11/7/2013 0:23,Banana
M38622,7514061,15670160,11/7/2013 0:23,Organic F&V
M38622,7514061,15670159,11/7/2013 0:23,Organic F&V
M38622,7514061,15670196,11/7/2013 0:23,Organic F&V
M38622,7519110,7601668,14-07-2013 10:20,Shaving Blade & Razors
M38622,7519110,15668416,14-07-2013 10:20,Banana
M38622,7525631,7587677,18-07-2013 21:53,Organic Dals & Pulses
M38622,7525631,15668687,18-07-2013 21:53,Root Vegetables
M38622,7525631,15670259,18-07-2013 21:53,Organic F&V
M38622,7525631,15670157,18-07-2013 21:53,Organic F&V
M38622,7525631,15669882,18-07-2013 21:53,Sooji & Rava
M38622,7525631,7587673,18-07-2013 21:53,Organic Dals & Pulses
M38622,7525631,15670251,18-07-2013 21:53,Organic F&V
M38622,7525631,15669861,18-07-2013 21:53,Raw Peanuts
M38622,7525631,7587658,18-07-2013 21:53,"Organic Salt,Sugar & Jaggery"
M38622,7525631,15670250,18-07-2013 21:53,Organic F&V
M38622,7525631,7587492,18-07-2013 21:53,"Organic Salt,Sugar & Jaggery"
M38622,7525631,15670252,18-07-2013 21:53,Organic F&V
M38622,7525631,21410627,18-07-2013 21:53,Organic Masalas & Spices
M38622,7525631,7587661,18-07-2013 21:53,Organic Dals & Pulses
M38622,7525631,7587664,18-07-2013 21:53,Organic Dals & Pulses
M38622,7525631,15670158,18-07-2013 21:53,Organic F&V
M38622,7525631,15669964,18-07-2013 21:53,Raisins
M38622,7525631,15670163,18-07-2013 21:53,Organic F&V
M38622,7525631,7543247,18-07-2013 21:53,Organic Dals & Pulses
M38622,7525631,7587491,18-07-2013 21:53,Organic Flours
M38622,7536018,15670245,25-07-2013 12:05,Organic F&V
M38622,7536018,15670241,25-07-2013 12:05,Organic F&V
M38622,7536018,15670252,25-07-2013 12:05,Organic F&V
M38622,7536018,15670192,25-07-2013 12:05,Organic F&V
M38622,7536018,15670157,25-07-2013 12:05,Organic F&V
M38622,7536018,15670248,25-07-2013 12:05,Organic F&V
M38622,7536018,15670259,25-07-2013 12:05,Organic F&V
M38622,7536018,15670255,25-07-2013 12:05,Organic F&V
M38622,7536018,15670160,25-07-2013 12:05,Organic F&V
M38622,7536018,15668688,25-07-2013 12:05,Root Vegetables
M38622,7536018,15670163,25-07-2013 12:05,Organic F&V
M38622,7537541,7543240,13-06-2013 12:13,Organic Dals & Pulses
M38622,7537541,93009339,13-06-2013 12:13,Organic Flours
M38622,7537541,15670158,13-06-2013 12:13,Organic F&V
M38622,7537541,7587673,13-06-2013 12:13,Organic Dals & Pulses
M38622,7537541,7587495,13-06-2013 12:13,Organic Dals & Pulses
M38622,7537541,7543247,13-06-2013 12:13,Organic Dals & Pulses
M38622,7537541,15670252,13-06-2013 12:13,Organic F&V
M38622,7537541,15668466,13-06-2013 12:13,Root Vegetables
M38622,7537541,7587490,13-06-2013 12:13,Organic Dals & Pulses
M38622,7537541,15670251,13-06-2013 12:13,Organic F&V
M38622,7537541,15670157,13-06-2013 12:13,Organic F&V
M38622,7537541,15670192,13-06-2013 12:13,Organic F&V
M38622,7537541,15670246,13-06-2013 12:13,Organic F&V
M38622,7537541,7587663,13-06-2013 12:13,Organic Dals & Pulses
M38622,7537541,15668467,13-06-2013 12:13,Beans
M38622,7537541,7587491,13-06-2013 12:13,Organic Flours
M38622,7537541,15670243,13-06-2013 12:13,Organic F&V
M38622,7537541,15668688,13-06-2013 12:13,Root Vegetables
M38622,7537541,15668595,13-06-2013 12:13,Exotic Vegetables
M38622,7537541,7587674,13-06-2013 12:13,Organic Masalas & Spices
M38622,7537541,7541573,13-06-2013 12:13,"Glucose, Marie & Milk Biscuits"
M38622,7537541,7587677,13-06-2013 12:13,Organic Dals & Pulses
M38622,7537541,15668478,13-06-2013 12:13,Banana
M38622,7538148,7587495,14-06-2013 14:21,Organic Dals & Pulses
M38622,7538148,7543247,14-06-2013 14:21,Organic Dals & Pulses
M38622,7538148,7587677,14-06-2013 14:21,Organic Dals & Pulses
M38622,7555744,15670245,25-06-2013 21:28,Organic F&V
M38622,7555744,15670253,25-06-2013 21:28,Organic F&V
M38622,7555744,15668688,25-06-2013 21:28,Root Vegetables
M38622,7555744,7642488,25-06-2013 21:28,Ice Creams & Desserts
M38622,7555744,15668463,25-06-2013 21:28,Gourd & Cucumber
M38622,7555744,15668416,25-06-2013 21:28,Banana
M38622,7555744,15668466,25-06-2013 21:28,Root Vegetables
M38622,7555744,15670251,25-06-2013 21:28,Organic F&V
M38622,7555744,15670159,25-06-2013 21:28,Organic F&V
M38622,7555744,15670153,25-06-2013 21:28,Organic F&V
M38622,7555744,15670157,25-06-2013 21:28,Organic F&V
M38622,7555744,15670252,25-06-2013 21:28,Organic F&V
M38622,7555744,15670192,25-06-2013 21:28,Organic F&V
M38622,7555744,15670196,25-06-2013 21:28,Organic F&V
M38622,7561792,7580034,29-06-2013 22:33,Ice Creams & Desserts
M38622,7561792,7587495,29-06-2013 22:33,Organic Dals & Pulses
M38622,7561792,15670196,29-06-2013 22:33,Organic F&V
M38622,7561792,15670192,29-06-2013 22:33,Organic F&V
M38622,7561792,15670252,29-06-2013 22:33,Organic F&V
M38622,7561792,15670158,29-06-2013 22:33,Organic F&V
M38622,7561792,15670157,29-06-2013 22:33,Organic F&V
M38622,7561792,93174226,29-06-2013 22:33,Body Wash
M38622,7561792,15669835,29-06-2013 22:33,Raw Rice
M38622,7561792,15670251,29-06-2013 22:33,Organic F&V
M38622,7561792,15670160,29-06-2013 22:33,Organic F&V
M38622,7561792,15670159,29-06-2013 22:33,Organic F&V
M38622,7568197,7587649,3/7/2013 22:30,Organic Rice & Rice Products
M38622,7568197,15668460,3/7/2013 22:30,Gourd & Cucumber
M38622,7568197,15670159,3/7/2013 22:30,Organic F&V
M38622,7568197,15670252,3/7/2013 22:30,Organic F&V
M38622,7568197,15670248,3/7/2013 22:30,Organic F&V
M38622,7568197,15670255,3/7/2013 22:30,Organic F&V
M38622,7568197,15670160,3/7/2013 22:30,Organic F&V
M38622,7568197,15670157,3/7/2013 22:30,Organic F&V
M38622,7568197,15670196,3/7/2013 22:30,Organic F&V
M38622,7568197,15670161,3/7/2013 22:30,Organic F&V
M38622,7568197,15670251,3/7/2013 22:30,Organic F&V
M38622,7568197,15670192,3/7/2013 22:30,Organic F&V
M38622,7568197,15670245,3/7/2013 22:30,Organic F&V
M38622,7578388,15668477,27-05-2013 14:10,Exotic Vegetables
M38622,7578388,15668594,27-05-2013 14:10,Exotic Vegetables
M38622,7578388,15668466,27-05-2013 14:10,Root Vegetables
M38622,7578388,7632452,27-05-2013 14:10,Liquid Detergent
M38622,7578388,7587673,27-05-2013 14:10,Organic Dals & Pulses
M38622,7578388,15668458,27-05-2013 14:10,Brinjals
M38622,7578388,7587688,27-05-2013 14:10,Organic Masalas & Spices
M38622,7578388,15669832,27-05-2013 14:10,Sugar
M38622,7578388,7587658,27-05-2013 14:10,"Organic Salt,Sugar & Jaggery"
M38622,7578388,7587492,27-05-2013 14:10,"Organic Salt,Sugar & Jaggery"
M38622,7578388,7587672,27-05-2013 14:10,Organic Masalas & Spices
M38622,7578388,15668381,27-05-2013 14:10,Other Vegetables
M38622,7578388,15668687,27-05-2013 14:10,Root Vegetables
M38622,7578388,15668453,27-05-2013 14:10,Brinjals
M38622,7578388,7587691,27-05-2013 14:10,Organic Masalas & Spices
M38622,7578388,15668469,27-05-2013 14:10,Beans
M38622,7578388,15670157,27-05-2013 14:10,Organic F&V
M38622,7578388,15668460,27-05-2013 14:10,Gourd & Cucumber
M38622,7578388,7587663,27-05-2013 14:10,Organic Dals & Pulses
M38622,7578388,7587493,27-05-2013 14:10,"Organic Salt,Sugar & Jaggery"
M38622,7578388,15670243,27-05-2013 14:10,Organic F&V
M38622,7578388,15669824,27-05-2013 14:10,Raw Rice
M38622,7578388,15668379,27-05-2013 14:10,Other Vegetables
M38622,7578388,15670182,27-05-2013 14:10,Organic F&V
M38622,7578388,7587674,27-05-2013 14:10,Organic Masalas & Spices
M38622,7578388,15670248,27-05-2013 14:10,Organic F&V
M38622,7578388,15668448,27-05-2013 14:10,Exotic Vegetables
M38622,7581588,7541573,30-05-2013 00:14,"Glucose, Marie & Milk Biscuits"
M38622,7581588,7577708,30-05-2013 00:14,"Glucose, Marie & Milk Biscuits"
M38622,7602548,15670260,26-04-2013 09:51,Organic F&V
M38622,7602548,15670161,26-04-2013 09:51,Organic F&V
M38622,7602548,15670162,26-04-2013 09:51,Organic F&V
M38622,7602548,15670157,26-04-2013 09:51,Organic F&V
M38622,7602548,15670251,26-04-2013 09:51,Organic F&V
M38622,7602548,15670255,26-04-2013 09:51,Organic F&V
M38622,7605266,15670251,28-04-2013 16:08,Organic F&V
M38622,7605266,7587696,28-04-2013 16:08,Organic Masalas & Spices
M38622,7605266,7587695,28-04-2013 16:08,Organic Masalas & Spices
M38622,7605266,15670255,28-04-2013 16:08,Organic F&V
M38622,7605266,15668466,28-04-2013 16:08,Root Vegetables
M38622,7605266,15668460,28-04-2013 16:08,Gourd & Cucumber
M38622,7605266,15670144,28-04-2013 16:08,Organic F&V
M38622,7605266,15668688,28-04-2013 16:08,Root Vegetables
M38622,7605266,7572858,28-04-2013 16:08,Other Pooja Needs
M38622,7605266,15668458,28-04-2013 16:08,Brinjals
M38622,7605266,15668448,28-04-2013 16:08,Exotic Vegetables
M38622,7605266,15668467,28-04-2013 16:08,Beans
M38622,7605266,15670248,28-04-2013 16:08,Organic F&V
M38622,7605266,15668476,28-04-2013 16:08,Exotic Vegetables
M38622,7605489,7587673,28-04-2013 17:48,Organic Dals & Pulses
M38622,7605489,7587657,28-04-2013 17:48,Organic Dals & Pulses
M38622,7605489,7587495,28-04-2013 17:48,Organic Dals & Pulses
M38622,7605489,7587669,28-04-2013 17:48,Organic Dals & Pulses
M38622,7605489,7587663,28-04-2013 17:48,Organic Dals & Pulses
M38622,7605489,7543240,28-04-2013 17:48,Organic Dals & Pulses
M38622,7605489,7587659,28-04-2013 17:48,Organic Dals & Pulses
M38622,7605489,7587677,28-04-2013 17:48,Organic Dals & Pulses
M38622,7605489,7587667,28-04-2013 17:48,Organic Dals & Pulses
M38622,7605489,7587661,28-04-2013 17:48,Organic Dals & Pulses
M38622,7605489,7587490,28-04-2013 17:48,Organic Dals & Pulses
M38622,7605489,7587664,28-04-2013 17:48,Organic Dals & Pulses
M38622,7605489,7587687,28-04-2013 17:48,Organic Masalas & Spices
M38622,7609526,15670157,2/5/2013 10:08,Organic F&V
M38622,7609526,15668477,2/5/2013 10:08,Exotic Vegetables
M38622,7609526,15668448,2/5/2013 10:08,Exotic Vegetables
M38622,7609526,15670162,2/5/2013 10:08,Organic F&V
M38622,7609526,15668467,2/5/2013 10:08,Beans
M38622,7609526,93009339,2/5/2013 10:08,Organic Flours
M38622,7609526,15670255,2/5/2013 10:08,Organic F&V
M38622,7609526,15670158,2/5/2013 10:08,Organic F&V
M38622,7622533,15670158,11/5/2013 11:34,Organic F&V
M38622,7624185,7587670,13-05-2013 00:17,Organic Masalas & Spices
M38622,7624185,15669886,13-05-2013 00:17,Sooji & Rava
M38622,7624185,93105684,13-05-2013 00:17,Organic Masalas & Spices
M38622,7624185,7587494,13-05-2013 00:17,Organic Masalas & Spices
M38622,7624185,7587674,13-05-2013 00:17,Organic Masalas & Spices
M38622,7624185,7587688,13-05-2013 00:17,Organic Masalas & Spices
M38622,7624185,15668469,13-05-2013 00:17,Beans
M38622,7624185,15668688,13-05-2013 00:17,Root Vegetables
M38622,7624185,15669880,13-05-2013 00:17,Sooji & Rava
M38622,7624185,7592367,13-05-2013 00:17,Liquid Soaps & Bars
M38622,7624185,7587687,13-05-2013 00:17,Organic Masalas & Spices
M38622,7624185,15668460,13-05-2013 00:17,Gourd & Cucumber
M38622,7624185,15668466,13-05-2013 00:17,Root Vegetables
M38622,7624185,15669870,13-05-2013 00:17,Sooji & Rava
M38622,7626533,15668448,14-05-2013 09:17,Exotic Vegetables
M38622,7629635,7601668,16-05-2013 13:46,Shaving Blade & Razors
M38622,7629635,15668477,16-05-2013 13:46,Exotic Vegetables
M38622,7629635,15670260,16-05-2013 13:46,Organic F&V
M38622,7629635,15670157,16-05-2013 13:46,Organic F&V
M38622,7629635,15670253,16-05-2013 13:46,Organic F&V
M38622,7629635,15668688,16-05-2013 13:46,Root Vegetables
M38622,7629635,15670248,16-05-2013 13:46,Organic F&V
M38622,7629635,15668468,16-05-2013 13:46,Beans
M38622,7629635,15668465,16-05-2013 13:46,Root Vegetables
M38622,7638308,15670251,30-03-2013 10:14,Organic F&V
M38622,7638308,15670252,30-03-2013 10:14,Organic F&V
M38622,7638308,15670159,30-03-2013 10:14,Organic F&V
M38622,7638308,7587673,30-03-2013 10:14,Organic Dals & Pulses
M38622,7638308,15670157,30-03-2013 10:14,Organic F&V
M38622,7638308,7587493,30-03-2013 10:14,"Organic Salt,Sugar & Jaggery"
M38622,7638308,15670161,30-03-2013 10:14,Organic F&V
M38622,7638308,15670259,30-03-2013 10:14,Organic F&V
M38622,7638308,7587661,30-03-2013 10:14,Organic Dals & Pulses
M38622,7638308,15670250,30-03-2013 10:14,Organic F&V
M38622,7638308,15670196,30-03-2013 10:14,Organic F&V
M38622,7638308,15670255,30-03-2013 10:14,Organic F&V
M38622,7638308,7587490,30-03-2013 10:14,Organic Dals & Pulses
M38622,7638308,7587657,30-03-2013 10:14,Organic Dals & Pulses
M38622,7638308,15668449,30-03-2013 10:14,Exotic Vegetables
M38622,7638308,15670192,30-03-2013 10:14,Organic F&V
M38622,7638308,7587658,30-03-2013 10:14,"Organic Salt,Sugar & Jaggery"
M38622,7638308,7587663,30-03-2013 10:14,Organic Dals & Pulses
M38622,7638308,15670163,30-03-2013 10:14,Organic F&V
M38622,7652937,7587491,10/4/2013 22:32,Organic Flours
M38622,7652937,7587687,10/4/2013 22:32,Organic Masalas & Spices
M38622,7652937,15668467,10/4/2013 22:32,Beans
M38622,7652937,15670248,10/4/2013 22:32,Organic F&V
M38622,7652937,93105684,10/4/2013 22:32,Organic Masalas & Spices
M38622,7652937,15670259,10/4/2013 22:32,Organic F&V
M38622,7652937,15670260,10/4/2013 22:32,Organic F&V
M38622,7652937,7587658,10/4/2013 22:32,"Organic Salt,Sugar & Jaggery"
M38622,7652937,15670144,10/4/2013 22:32,Organic F&V
M38622,7652937,15670245,10/4/2013 22:32,Organic F&V
M38622,7652937,15670255,10/4/2013 22:32,Organic F&V
M38622,7652937,7587493,10/4/2013 22:32,"Organic Salt,Sugar & Jaggery"
M38622,7652937,15670252,10/4/2013 22:32,Organic F&V
M38622,7652937,15670192,10/4/2013 22:32,Organic F&V
M38622,7652937,7587670,10/4/2013 22:32,Organic Masalas & Spices
M38622,7652937,7587672,10/4/2013 22:32,Organic Masalas & Spices
M38622,7652937,15670158,10/4/2013 22:32,Organic F&V
M38622,7652937,7587702,10/4/2013 22:32,Organic Flours
M38622,7652937,15670251,10/4/2013 22:32,Organic F&V
M38622,7652937,93009339,10/4/2013 22:32,Organic Flours
M38622,7652937,15670163,10/4/2013 22:32,Organic F&V
M38622,7653806,15670172,12/4/2013 23:16,Organic F&V
M38622,7653806,15668466,12/4/2013 23:16,Root Vegetables
M38622,7653806,15668689,12/4/2013 23:16,Root Vegetables
M38622,7653806,15669834,12/4/2013 23:16,Raw Rice
M38622,7653806,15668449,12/4/2013 23:16,Exotic Vegetables
M38622,7653806,15670182,12/4/2013 23:16,Organic F&V
M38622,7653806,15668476,12/4/2013 23:16,Exotic Vegetables
M38622,7671029,7601668,25-02-2013 18:26,Shaving Blade & Razors
M38622,7675343,15670159,1/3/2013 22:42,Organic F&V
M38622,7675343,15670248,1/3/2013 22:42,Organic F&V
M38622,7675343,15670153,1/3/2013 22:42,Organic F&V
M38622,7675343,7587661,1/3/2013 22:42,Organic Dals & Pulses
M38622,7675343,15669824,1/3/2013 22:42,Raw Rice
M38622,7675343,15670246,1/3/2013 22:42,Organic F&V
M38622,7675343,7587657,1/3/2013 22:42,Organic Dals & Pulses
M38622,7675343,15670192,1/3/2013 22:42,Organic F&V
M38622,7675343,15670260,1/3/2013 22:42,Organic F&V
M38622,7675343,93105684,1/3/2013 22:42,Organic Masalas & Spices
M38622,7675343,15670252,1/3/2013 22:42,Organic F&V
M38622,7675343,15670157,1/3/2013 22:42,Organic F&V
M38622,7675343,15670160,1/3/2013 22:42,Organic F&V
M38622,7675343,15670259,1/3/2013 22:42,Organic F&V
M38622,7675343,15670251,1/3/2013 22:42,Organic F&V
M38622,7684742,15670248,9/3/2013 21:22,Organic F&V
M38622,7684742,15670260,9/3/2013 21:22,Organic F&V
M38622,7684742,7587658,9/3/2013 21:22,"Organic Salt,Sugar & Jaggery"
M38622,7684742,15668476,9/3/2013 21:22,Exotic Vegetables
M38622,7684742,7587659,9/3/2013 21:22,Organic Dals & Pulses
M38622,7684742,7587661,9/3/2013 21:22,Organic Dals & Pulses
M38622,7684742,7587675,9/3/2013 21:22,Organic Dals & Pulses
M38622,7684742,7587673,9/3/2013 21:22,Organic Dals & Pulses
M38622,7684742,15670255,9/3/2013 21:22,Organic F&V
M38622,7684742,15670157,9/3/2013 21:22,Organic F&V
M38622,7684742,7587663,9/3/2013 21:22,Organic Dals & Pulses
M38622,7684742,93009288,9/3/2013 21:22,Organic Dals & Pulses
M38622,7684742,7587490,9/3/2013 21:22,Organic Dals & Pulses
M38622,7684742,93274726,9/3/2013 21:22,Organic Dals & Pulses
M38622,7684742,15670172,9/3/2013 21:22,Organic F&V
M38622,7684742,7543247,9/3/2013 21:22,Organic Dals & Pulses
M38622,7684742,7587495,9/3/2013 21:22,Organic Dals & Pulses
M38622,7684742,7587670,9/3/2013 21:22,Organic Masalas & Spices
M38622,7684742,7587678,9/3/2013 21:22,Organic Dals & Pulses
M38622,7684742,7587667,9/3/2013 21:22,Organic Dals & Pulses
M38622,7684742,7587657,9/3/2013 21:22,Organic Dals & Pulses
M38622,7684742,7587669,9/3/2013 21:22,Organic Dals & Pulses
M38622,7684742,15668449,9/3/2013 21:22,Exotic Vegetables
M38622,7684742,15668469,9/3/2013 21:22,Beans
M38622,7684742,7587664,9/3/2013 21:22,Organic Dals & Pulses
M38622,7684742,7571385,9/3/2013 21:22,"Glucose, Marie & Milk Biscuits"
M38622,7684742,7543240,9/3/2013 21:22,Organic Dals & Pulses
M38622,7684742,15670159,9/3/2013 21:22,Organic F&V
M38622,7684742,15668466,9/3/2013 21:22,Root Vegetables
M38622,7684742,7587493,9/3/2013 21:22,"Organic Salt,Sugar & Jaggery"
M38622,7684742,7587491,9/3/2013 21:22,Organic Flours
M38622,7684742,15669835,9/3/2013 21:22,Raw Rice
M38622,7684742,7587677,9/3/2013 21:22,Organic Dals & Pulses
M38622,7684742,15670252,9/3/2013 21:22,Organic F&V
M38622,7688655,15670160,14-03-2013 16:56,Organic F&V
M38622,7688655,15670260,14-03-2013 16:56,Organic F&V
M38622,7691406,15670260,17-03-2013 12:50,Organic F&V
M38622,7691406,15670159,17-03-2013 12:50,Organic F&V
M38622,7691406,15670172,17-03-2013 12:50,Organic F&V
M38622,7691406,15670252,17-03-2013 12:50,Organic F&V
M38622,7691406,15668449,17-03-2013 12:50,Exotic Vegetables
M38622,7691406,15670196,17-03-2013 12:50,Organic F&V
M38622,7702964,15670161,17-01-2013 00:30,Organic F&V
M38622,7702964,15670252,17-01-2013 00:30,Organic F&V
M38622,7702964,15670250,17-01-2013 00:30,Organic F&V
M38622,7702964,15670196,17-01-2013 00:30,Organic F&V
M38622,7702964,15670160,17-01-2013 00:30,Organic F&V
M38622,7702964,15669303,17-01-2013 00:30,Organic F&V
M38622,7702964,15670260,17-01-2013 00:30,Organic F&V
M38622,7702964,15670259,17-01-2013 00:30,Organic F&V
M38622,7702964,15670251,17-01-2013 00:30,Organic F&V
M38622,7702964,92392793,17-01-2013 00:30,"Shaving Cream, Foam & Gels"
M38622,7702964,15670159,17-01-2013 00:30,Organic F&V
M38622,7702964,15670163,17-01-2013 00:30,Organic F&V
M38622,7702964,15670255,17-01-2013 00:30,Organic F&V
M38622,7702964,7587658,17-01-2013 00:30,"Organic Salt,Sugar & Jaggery"
M38622,7702964,15670248,17-01-2013 00:30,Organic F&V
M38622,7702964,15670172,17-01-2013 00:30,Organic F&V
M38622,7702964,15670157,17-01-2013 00:30,Organic F&V
M38622,7708173,15670159,21-01-2013 22:33,Organic F&V
M38622,7708173,15670157,21-01-2013 22:33,Organic F&V
M38622,7708173,15670161,21-01-2013 22:33,Organic F&V
M38622,7710344,7587657,24-01-2013 21:17,Organic Dals & Pulses
M38622,7710344,93289487,24-01-2013 21:17,Phenyles & Acids
M38622,7710344,15670196,24-01-2013 21:17,Organic F&V
M38622,7710344,93009288,24-01-2013 21:17,Organic Dals & Pulses
M38622,7710344,7543240,24-01-2013 21:17,Organic Dals & Pulses
M38622,7710344,15670157,24-01-2013 21:17,Organic F&V
M38622,7710344,7587664,24-01-2013 21:17,Organic Dals & Pulses
M38622,7710344,7587672,24-01-2013 21:17,Organic Masalas & Spices
M38622,7710344,7587699,24-01-2013 21:17,Organic Flours
M38622,7710344,15668463,24-01-2013 21:17,Gourd & Cucumber
M38622,7710344,15670251,24-01-2013 21:17,Organic F&V
M38622,7710344,7587493,24-01-2013 21:17,"Organic Salt,Sugar & Jaggery"
M38622,7710344,15670161,24-01-2013 21:17,Organic F&V
M38622,7710344,7587658,24-01-2013 21:17,"Organic Salt,Sugar & Jaggery"
M38622,7710344,7587661,24-01-2013 21:17,Organic Dals & Pulses
M38622,7710344,7543247,24-01-2013 21:17,Organic Dals & Pulses
M38622,7710344,7587495,24-01-2013 21:17,Organic Dals & Pulses
M38622,7710344,7587696,24-01-2013 21:17,Organic Masalas & Spices
M38622,7710344,15668476,24-01-2013 21:17,Exotic Vegetables
M38622,7710344,7587663,24-01-2013 21:17,Organic Dals & Pulses
M38622,7710344,15668466,24-01-2013 21:17,Root Vegetables
M38622,7710344,7587667,24-01-2013 21:17,Organic Dals & Pulses
M38622,7710344,15668449,24-01-2013 21:17,Exotic Vegetables
M38622,7710344,93105684,24-01-2013 21:17,Organic Masalas & Spices
M38622,7710344,7587669,24-01-2013 21:17,Organic Dals & Pulses
M38622,7710344,7587673,24-01-2013 21:17,Organic Dals & Pulses
M38622,7710344,15670159,24-01-2013 21:17,Organic F&V
M38622,7710344,15670144,24-01-2013 21:17,Organic F&V
M38622,7710344,15670160,24-01-2013 21:17,Organic F&V
M38622,7710344,7587677,24-01-2013 21:17,Organic Dals & Pulses
M38622,7710344,15670252,24-01-2013 21:17,Organic F&V
M38622,7710344,7587491,24-01-2013 21:17,Organic Flours
M38622,7710344,15670250,24-01-2013 21:17,Organic F&V
M38622,7714215,15670251,30-01-2013 20:23,Organic F&V
M38622,7714215,15670252,30-01-2013 20:23,Organic F&V
M38622,7714215,15670196,30-01-2013 20:23,Organic F&V
M38622,7714215,15670160,30-01-2013 20:23,Organic F&V
M38622,7714215,15670157,30-01-2013 20:23,Organic F&V
M38622,7714215,15670260,30-01-2013 20:23,Organic F&V
M38622,7714215,15670159,30-01-2013 20:23,Organic F&V
M38622,7714215,15670161,30-01-2013 20:23,Organic F&V
M38622,7714215,15668460,30-01-2013 20:23,Gourd & Cucumber
M38622,7714215,15670172,30-01-2013 20:23,Organic F&V
M38622,7714215,15670255,30-01-2013 20:23,Organic F&V
M38622,7714215,7592367,30-01-2013 20:23,Liquid Soaps & Bars
M38622,7723993,15670255,9/2/2013 14:04,Organic F&V
M38622,7723993,15670259,9/2/2013 14:04,Organic F&V
M38622,7723993,7587490,9/2/2013 14:04,Organic Dals & Pulses
M38622,7723993,15670250,9/2/2013 14:04,Organic F&V
M38622,7723993,15670196,9/2/2013 14:04,Organic F&V
M38622,7723993,15670160,9/2/2013 14:04,Organic F&V
M38622,7723993,7587667,9/2/2013 14:04,Organic Dals & Pulses
M38622,7723993,7587657,9/2/2013 14:04,Organic Dals & Pulses
M38622,7723993,15670251,9/2/2013 14:04,Organic F&V
M38622,7723993,15670253,9/2/2013 14:04,Organic F&V
M38622,7723993,15668476,9/2/2013 14:04,Exotic Vegetables
M38622,7723993,7587658,9/2/2013 14:04,"Organic Salt,Sugar & Jaggery"
M38622,7723993,15670241,9/2/2013 14:04,Organic F&V
M38622,7723993,15670248,9/2/2013 14:04,Organic F&V
M38622,7723993,15670161,9/2/2013 14:04,Organic F&V
M38622,7723993,15670252,9/2/2013 14:04,Organic F&V
M38622,7723993,15670260,9/2/2013 14:04,Organic F&V
M38622,7723993,7587673,9/2/2013 14:04,Organic Dals & Pulses
M38622,7729787,15670255,16-02-2013 11:47,Organic F&V
M38622,7729787,15670259,16-02-2013 11:47,Organic F&V
M38622,7729787,15670251,16-02-2013 11:47,Organic F&V
M38622,7729787,15670157,16-02-2013 11:47,Organic F&V
M38622,7729787,15670159,16-02-2013 11:47,Organic F&V
M38622,7729787,15670161,16-02-2013 11:47,Organic F&V
M38622,7729787,15670250,16-02-2013 11:47,Organic F&V
M38622,7729787,15670253,16-02-2013 11:47,Organic F&V
M38622,7729787,15670252,16-02-2013 11:47,Organic F&V
M38622,7729787,15670260,16-02-2013 11:47,Organic F&V
M38622,7729787,15670258,16-02-2013 11:47,Organic F&V
M38622,7729787,15670160,16-02-2013 11:47,Organic F&V
M38622,7729986,15668449,16-02-2013 15:12,Exotic Vegetables
M38622,7733270,7587657,1/12/2012 20:40,Organic Dals & Pulses
M38622,7733270,7587673,1/12/2012 20:40,Organic Dals & Pulses
M38622,7733270,7587667,1/12/2012 20:40,Organic Dals & Pulses
M38622,7733270,7587670,1/12/2012 20:40,Organic Masalas & Spices
M38622,7733270,7543247,1/12/2012 20:40,Organic Dals & Pulses
M38622,7733270,15670157,1/12/2012 20:40,Organic F&V
M38622,7733270,15668689,1/12/2012 20:40,Root Vegetables
M38622,7733270,7587677,1/12/2012 20:40,Organic Dals & Pulses
M38622,7733270,7587495,1/12/2012 20:40,Organic Dals & Pulses
M38622,7733270,7587669,1/12/2012 20:40,Organic Dals & Pulses
M38622,7733270,15668469,1/12/2012 20:40,Beans
M38622,7733270,7587675,1/12/2012 20:40,Organic Dals & Pulses
M38622,7733270,7587663,1/12/2012 20:40,Organic Dals & Pulses
M38622,7733270,15670163,1/12/2012 20:40,Organic F&V
M38622,7733270,15668466,1/12/2012 20:40,Root Vegetables
M38622,7733270,15670192,1/12/2012 20:40,Organic F&V
M38622,7733270,7587664,1/12/2012 20:40,Organic Dals & Pulses
M38622,7733270,7587661,1/12/2012 20:40,Organic Dals & Pulses
M38622,7733270,7543241,1/12/2012 20:40,Organic Dals & Pulses
M38622,7736136,7587688,3/12/2012 21:52,Organic Masalas & Spices
M38622,7736136,15669829,3/12/2012 21:52,Raw Rice
M38622,7736136,7653015,3/12/2012 21:52,Basmati Rice
M38622,7736136,7587491,3/12/2012 21:52,Organic Flours
M38622,7736136,7587493,3/12/2012 21:52,"Organic Salt,Sugar & Jaggery"
M38622,7736136,7587658,3/12/2012 21:52,"Organic Salt,Sugar & Jaggery"
M38622,7739030,7628037,7/12/2012 21:02,Ghee
M38622,7739030,15670246,7/12/2012 21:02,Organic F&V
M38622,7739030,15670252,7/12/2012 21:02,Organic F&V
M38622,7739030,15668466,7/12/2012 21:02,Root Vegetables
M38622,7739030,15670254,7/12/2012 21:02,Organic F&V
M38622,7739030,15668469,7/12/2012 21:02,Beans
M38622,7739030,15670157,7/12/2012 21:02,Organic F&V
M38622,7739030,15670260,7/12/2012 21:02,Organic F&V
M38622,7739030,15670259,7/12/2012 21:02,Organic F&V
M38622,7739030,15670251,7/12/2012 21:02,Organic F&V
M38622,7739030,15670250,7/12/2012 21:02,Organic F&V
M38622,7739030,15670163,7/12/2012 21:02,Organic F&V
M38622,7739745,7656171,9/12/2012 23:37,"Shaving Cream, Foam & Gels"
M38622,7739745,7601669,9/12/2012 23:37,Shaving Blade & Razors
M38622,7739745,7632452,9/12/2012 23:37,Liquid Detergent
M38622,7739745,7587493,9/12/2012 23:37,"Organic Salt,Sugar & Jaggery"
M38622,7744053,7587657,14-12-2012 19:53,Organic Dals & Pulses
M38622,7744053,15670163,14-12-2012 19:53,Organic F&V
M38622,7744053,7587667,14-12-2012 19:53,Organic Dals & Pulses
M38622,7744053,7543241,14-12-2012 19:53,Organic Dals & Pulses
M38622,7744053,15670157,14-12-2012 19:53,Organic F&V
M38622,7744053,15670254,14-12-2012 19:53,Organic F&V
M38622,7744053,7587663,14-12-2012 19:53,Organic Dals & Pulses
M38622,7744053,7587664,14-12-2012 19:53,Organic Dals & Pulses
M38622,7744053,7543247,14-12-2012 19:53,Organic Dals & Pulses
M38622,7744053,15670260,14-12-2012 19:53,Organic F&V
M38622,7744053,7587495,14-12-2012 19:53,Organic Dals & Pulses
M38622,7744053,15670252,14-12-2012 19:53,Organic F&V
M38622,7744053,15670255,14-12-2012 19:53,Organic F&V
M38622,7744053,7587677,14-12-2012 19:53,Organic Dals & Pulses
M38622,7744053,15670251,14-12-2012 19:53,Organic F&V
M38622,7744053,15670160,14-12-2012 19:53,Organic F&V
M38622,7744053,15670248,14-12-2012 19:53,Organic F&V
M38622,7744053,15670259,14-12-2012 19:53,Organic F&V
M38622,7744053,15670192,14-12-2012 19:53,Organic F&V
M38622,7744053,15670196,14-12-2012 19:53,Organic F&V
M38622,7744053,15670250,14-12-2012 19:53,Organic F&V
M38622,7744053,7587661,14-12-2012 19:53,Organic Dals & Pulses
M38622,7744053,7587673,14-12-2012 19:53,Organic Dals & Pulses
M38622,7744827,15670248,17-12-2012 09:37,Organic F&V
M38622,7744827,15668466,17-12-2012 09:37,Root Vegetables
M38622,7744827,7629390,17-12-2012 09:37,"Glucose, Marie & Milk Biscuits"
M38622,7744827,7587670,17-12-2012 09:37,Organic Masalas & Spices
M38622,7744827,15669838,17-12-2012 09:37,Raw Rice
M38622,7744827,15670260,17-12-2012 09:37,Organic F&V
M38622,7744986,7587491,17-12-2012 11:07,Organic Flours
M38622,7751567,15670254,26-12-2012 20:41,Organic F&V
M38622,7751567,15670248,26-12-2012 20:41,Organic F&V
M38622,7751567,15670163,26-12-2012 20:41,Organic F&V
M38622,7751567,15670157,26-12-2012 20:41,Organic F&V
M38622,7751567,7587493,26-12-2012 20:41,"Organic Salt,Sugar & Jaggery"
M38622,7751567,15670246,26-12-2012 20:41,Organic F&V
M38622,7751567,7587658,26-12-2012 20:41,"Organic Salt,Sugar & Jaggery"
M38622,7751567,15670192,26-12-2012 20:41,Organic F&V
M38622,7751567,15670251,26-12-2012 20:41,Organic F&V
M38622,7751567,15670196,26-12-2012 20:41,Organic F&V
M38622,7751567,15670160,26-12-2012 20:41,Organic F&V
M38622,7751567,15670259,26-12-2012 20:41,Organic F&V
M38622,7751567,15670260,26-12-2012 20:41,Organic F&V
M38622,7751567,15670161,26-12-2012 20:41,Organic F&V
M38622,7752164,15670260,28-12-2012 22:48,Organic F&V
M38622,7752164,15670160,28-12-2012 22:48,Organic F&V
M38622,7752164,15670251,28-12-2012 22:48,Organic F&V
M38622,7752164,15670196,28-12-2012 22:48,Organic F&V
M38622,7752164,15669886,28-12-2012 22:48,Sooji & Rava
M38622,7752164,15670250,28-12-2012 22:48,Organic F&V
M38622,7752164,7587670,28-12-2012 22:48,Organic Masalas & Spices
M38622,7752164,15669303,28-12-2012 22:48,Organic F&V
M38622,7752164,15670157,28-12-2012 22:48,Organic F&V
M38622,7752164,15670252,28-12-2012 22:48,Organic F&V
M38622,7755549,7587493,1/1/2013 15:16,"Organic Salt,Sugar & Jaggery"
M38622,7755549,7587492,1/1/2013 15:16,"Organic Salt,Sugar & Jaggery"
M38622,7755549,7587658,1/1/2013 15:16,"Organic Salt,Sugar & Jaggery"
M38622,7755549,15669832,1/1/2013 15:16,Sugar
M38622,7755620,15670163,1/1/2013 15:10,Organic F&V
M38622,7755620,15670255,1/1/2013 15:10,Organic F&V
M38622,7755620,15670250,1/1/2013 15:10,Organic F&V
M38622,7755620,15669795,1/1/2013 15:10,Other Dry Fruits
M38622,7755620,15670157,1/1/2013 15:10,Organic F&V
M38622,7755620,15670259,1/1/2013 15:10,Organic F&V
M38622,7755620,15669805,1/1/2013 15:10,Cashews
M38622,7755620,15670251,1/1/2013 15:10,Organic F&V
M38622,7755620,15670260,1/1/2013 15:10,Organic F&V
M38622,7755620,15670196,1/1/2013 15:10,Organic F&V
M38622,7755620,15670252,1/1/2013 15:10,Organic F&V
M38622,7759370,15670250,5/1/2013 12:50,Organic F&V
M38622,7759370,15670163,5/1/2013 12:50,Organic F&V
M38622,7759370,15670260,5/1/2013 12:50,Organic F&V
M38622,7759370,15670161,5/1/2013 12:50,Organic F&V
M38622,7759370,15670251,5/1/2013 12:50,Organic F&V
M38622,7759370,15670157,5/1/2013 12:50,Organic F&V
M38622,7759370,7587657,5/1/2013 12:50,Organic Dals & Pulses
M38622,7759370,15670252,5/1/2013 12:50,Organic F&V
M38622,7759370,15670171,5/1/2013 12:50,Organic F&V
M38622,7759370,15668466,5/1/2013 12:50,Root Vegetables
M38622,7759370,15670196,5/1/2013 12:50,Organic F&V
M38622,7759370,7587673,5/1/2013 12:50,Organic Dals & Pulses
M38622,7759370,15670159,5/1/2013 12:50,Organic F&V
M38622,7759370,15670259,5/1/2013 12:50,Organic F&V
M38622,7759370,15670248,5/1/2013 12:50,Organic F&V
M38622,7759370,15670246,5/1/2013 12:50,Organic F&V
M38622,7759370,15670192,5/1/2013 12:50,Organic F&V
M38622,7762352,7757971,9/1/2013 20:39,Ghee
M38622,7762352,15670172,9/1/2013 20:39,Organic F&V
M38622,7762352,15670171,9/1/2013 20:39,Organic F&V
M38622,7762352,7571385,9/1/2013 20:39,"Glucose, Marie & Milk Biscuits"
M38622,7762352,15670160,9/1/2013 20:39,Organic F&V
M38622,7762352,7629390,9/1/2013 20:39,"Glucose, Marie & Milk Biscuits"
M38622,7762352,15670159,9/1/2013 20:39,Organic F&V
M38622,7766673,7737279,1/10/2012 23:36,"Shaving Cream, Foam & Gels"
M38622,7766770,7587491,1/10/2012 22:11,Organic Flours
M38622,7766770,15669824,1/10/2012 22:11,Raw Rice
M38622,7766770,7587670,1/10/2012 22:11,Organic Masalas & Spices
M38622,7766770,7587673,1/10/2012 22:11,Organic Dals & Pulses
M38622,7766770,7587663,1/10/2012 22:11,Organic Dals & Pulses
M38622,7766770,15668466,1/10/2012 22:11,Root Vegetables
M38622,7766770,15668463,1/10/2012 22:11,Gourd & Cucumber
M38622,7766770,15668469,1/10/2012 22:11,Beans
M38622,7766866,7613347,2/10/2012 10:15,Honey
M38622,7773313,15668456,17-10-2012 19:28,Brinjals
M38622,7774634,15668456,20-10-2012 17:15,Brinjals
M38622,7775272,7572858,22-10-2012 10:18,Other Pooja Needs
M38622,7775272,7623459,22-10-2012 10:18,Other Insect Repellent
M38622,7775272,7587495,22-10-2012 10:18,Organic Dals & Pulses
M38622,7775453,15668469,22-10-2012 10:58,Beans
M38622,7776304,15668466,25-10-2012 00:18,Root Vegetables
M38622,7782667,7587492,5/11/2012 0:08,"Organic Salt,Sugar & Jaggery"
M38622,7782667,7587491,5/11/2012 0:08,Organic Flours
M38622,7782667,7587658,5/11/2012 0:08,"Organic Salt,Sugar & Jaggery"
M38622,7782667,7587495,5/11/2012 0:08,Organic Dals & Pulses
M38622,7783064,7587670,4/11/2012 2:28,Organic Masalas & Spices
M38622,7785393,15668466,7/11/2012 23:40,Root Vegetables
M38622,7785393,7621119,7/11/2012 23:40,Hand Wash
M38622,7785393,15668467,7/11/2012 23:40,Beans
M38622,7787438,7543241,11/11/2012 17:43,Organic Dals & Pulses
M38622,7787438,7587668,11/11/2012 17:43,Organic Masalas & Spices
M38622,7787438,7628037,11/11/2012 17:43,Ghee
M38622,7787438,7587661,11/11/2012 17:43,Organic Dals & Pulses
M38622,7787438,15669870,11/11/2012 17:43,Sooji & Rava
M38622,7787438,7587670,11/11/2012 17:43,Organic Masalas & Spices
M38622,7787438,7587688,11/11/2012 17:43,Organic Masalas & Spices
M38622,7787438,15669829,11/11/2012 17:43,Raw Rice
M38622,7788731,15668467,16-11-2012 18:52,Beans
M38622,7788731,15668466,16-11-2012 18:52,Root Vegetables
M38622,7788731,92372121,16-11-2012 18:52,Soup
M38622,7788731,15668457,16-11-2012 18:52,Brinjals
M38622,7793659,7587673,22-11-2012 18:26,Organic Dals & Pulses
M38622,7793659,15668466,22-11-2012 18:26,Root Vegetables
M38622,7793659,7587492,22-11-2012 18:26,"Organic Salt,Sugar & Jaggery"
M38622,7793659,7587493,22-11-2012 18:26,"Organic Salt,Sugar & Jaggery"
M38622,7793659,15669870,22-11-2012 18:26,Sooji & Rava
M38622,7793659,15668469,22-11-2012 18:26,Beans
M38622,7793659,92970606,22-11-2012 18:26,"Shaving Cream, Foam & Gels"
M38622,7793659,7587495,22-11-2012 18:26,Organic Dals & Pulses
M38622,7816071,7642810,27-08-2012 21:44,Basmati Rice
M38622,7816091,15668466,27-08-2012 21:17,Root Vegetables
M38622,7823490,7575499,15-09-2012 13:50,Aluminium Foil & Cling Wrap
M38622,7823491,7631200,15-09-2012 13:48,Shaving Blade & Razors
M38622,7823491,15668466,15-09-2012 13:48,Root Vegetables
M38622,7823491,15668456,15-09-2012 13:48,Brinjals
M38622,7823491,7712662,15-09-2012 13:48,Phenyles & Acids
M38622,7830802,7631200,1/10/2012 9:54,Shaving Blade & Razors
M38622,7845917,15669819,26-04-2012 19:12,Other Dals
M38622,7845917,7575006,26-04-2012 19:12,Brooms & Dust Pans
M38622,7845917,7601862,26-04-2012 19:12,"Shaving Cream, Foam & Gels"
M38622,7845917,15669817,26-04-2012 19:12,Whole Spices
M38622,7845917,7571385,26-04-2012 19:12,"Glucose, Marie & Milk Biscuits"
M38622,7845917,7587673,26-04-2012 19:12,Organic Dals & Pulses
M38622,7845917,7692619,26-04-2012 19:12,Shaving Blade & Razors
M38622,7880491,7587491,12/6/2014 22:59,Organic Flours
M38622,7880491,15668458,12/6/2014 22:59,Brinjals
M38622,7880491,15670259,12/6/2014 22:59,Organic F&V
M38622,7880491,34987566,12/6/2014 22:59,Whole Spices
M38622,7880491,15668467,12/6/2014 22:59,Beans
M38622,7880491,15668381,12/6/2014 22:59,Other Vegetables
M38622,7880491,7587674,12/6/2014 22:59,Organic Masalas & Spices
M38622,7880491,15669880,12/6/2014 22:59,Sooji & Rava
M38622,7880491,7587696,12/6/2014 22:59,Organic Masalas & Spices
M38622,7880491,15670251,12/6/2014 22:59,Organic F&V
M38622,7880491,7587495,12/6/2014 22:59,Organic Dals & Pulses
M38622,7880491,15668377,12/6/2014 22:59,Root Vegetables
M38622,7880491,7570497,12/6/2014 22:59,Toothpaste
M38622,7880491,15669872,12/6/2014 22:59,Avalakki / Poha
M38622,7880491,7752915,12/6/2014 22:59,Health Supplements
M38622,7880491,15670157,12/6/2014 22:59,Organic F&V
M38622,7880491,15668466,12/6/2014 22:59,Root Vegetables
M38622,7880491,15669817,12/6/2014 22:59,Whole Spices
M38622,7880491,15669882,12/6/2014 22:59,Sooji & Rava
M38622,7880491,7587679,12/6/2014 22:59,Organic Flours
M38622,7880491,15670252,12/6/2014 22:59,Organic F&V
M38622,7880491,7628037,12/6/2014 22:59,Ghee
M38622,7880491,7640186,12/6/2014 22:59,Honey
M38622,7880491,15669964,12/6/2014 22:59,Raisins
M38622,7880491,21410687,12/6/2014 22:59,Organic Dals & Pulses
M38622,7880491,15668462,12/6/2014 22:59,Gourd & Cucumber
M38622,7880491,92377180,12/6/2014 22:59,Hair Oil
M38622,7913041,7663376,2/6/2014 0:50,Mosquito Repellent
M38622,7913051,7587664,2/6/2014 0:41,Organic Dals & Pulses
M38622,7913051,15669870,2/6/2014 0:41,Sooji & Rava
M38622,7913051,7543241,2/6/2014 0:41,Organic Dals & Pulses
M38622,7913051,15668465,2/6/2014 0:41,Root Vegetables
M38622,7913051,7587491,2/6/2014 0:41,Organic Flours
M38622,7913051,15668377,2/6/2014 0:41,Root Vegetables
M38622,7913051,7541573,2/6/2014 0:41,"Glucose, Marie & Milk Biscuits"
M38622,7913051,7587659,2/6/2014 0:41,Organic Dals & Pulses
M38622,7913051,34986130,2/6/2014 0:41,Whole Spices
M38622,7913051,21410627,2/6/2014 0:41,Organic Masalas & Spices
M38622,7913051,7629390,2/6/2014 0:41,"Glucose, Marie & Milk Biscuits"
M38622,7913051,7587663,2/6/2014 0:41,Organic Dals & Pulses
M38622,7913051,15668462,2/6/2014 0:41,Gourd & Cucumber
M38622,7913051,34986135,2/6/2014 0:41,Whole Spices
M38622,7913051,7587661,2/6/2014 0:41,Organic Dals & Pulses
M38622,7913051,7571385,2/6/2014 0:41,"Glucose, Marie & Milk Biscuits"
M38622,7913051,7587494,2/6/2014 0:41,Organic Masalas & Spices
M38622,7913051,7587687,2/6/2014 0:41,Organic Masalas & Spices
M38622,7913051,15670271,2/6/2014 0:41,Other Dals
M38622,7913051,7587678,2/6/2014 0:41,Organic Dals & Pulses
M38622,7913051,7587673,2/6/2014 0:41,Organic Dals & Pulses
M38622,7913051,7587495,2/6/2014 0:41,Organic Dals & Pulses
M38622,7913051,15668381,2/6/2014 0:41,Other Vegetables
M38622,7913051,15669857,2/6/2014 0:41,Raw Peanuts
M38622,7923482,7587658,5/6/2014 16:16,"Organic Salt,Sugar & Jaggery"
M38622,7957913,7587661,27-05-2014 00:05,Organic Dals & Pulses
M38622,7957913,7587495,27-05-2014 00:05,Organic Dals & Pulses
M38622,7957913,7587492,27-05-2014 00:05,"Organic Salt,Sugar & Jaggery"
M38622,7957913,15668381,27-05-2014 00:05,Other Vegetables
M38622,7957913,15669817,27-05-2014 00:05,Whole Spices
M38622,7957913,15668467,27-05-2014 00:05,Beans
M38622,7957913,15668460,27-05-2014 00:05,Gourd & Cucumber
M38622,7957913,15669838,27-05-2014 00:05,Raw Rice
M38622,7957913,15668449,27-05-2014 00:05,Exotic Vegetables
M38622,7957913,7587658,27-05-2014 00:05,"Organic Salt,Sugar & Jaggery"
M38622,7957913,21408940,27-05-2014 00:05,Whole Grains
M38622,7957913,7587665,27-05-2014 00:05,Organic Masalas & Spices
M38622,7957913,15669882,27-05-2014 00:05,Sooji & Rava
M38622,7957913,7623116,27-05-2014 00:05,Liquid Soaps & Bars
M38622,7957913,15669910,27-05-2014 00:05,Brinjals
M38622,7957913,34986125,27-05-2014 00:05,Whole Spices
M38622,7957913,7587670,27-05-2014 00:05,Organic Masalas & Spices
M38622,7998166,7587661,23-04-2014 00:28,Organic Dals & Pulses
M38622,7998166,7632452,23-04-2014 00:28,Liquid Detergent
M38622,7998166,7629391,23-04-2014 00:28,"Glucose, Marie & Milk Biscuits"
M38622,7998166,7601670,23-04-2014 00:28,Shaving Blade & Razors
M38622,7998166,7587491,23-04-2014 00:28,Organic Flours
M38622,7998166,21408940,23-04-2014 00:28,Whole Grains
M38622,7998166,15669816,23-04-2014 00:28,Other Dals
M38622,7998166,15668381,23-04-2014 00:28,Other Vegetables
M38622,7998166,15669817,23-04-2014 00:28,Whole Spices
M38622,7998166,7587677,23-04-2014 00:28,Organic Dals & Pulses
M38622,7998166,34987566,23-04-2014 00:28,Whole Spices
M38622,7998166,15670144,23-04-2014 00:28,Organic F&V
M38622,7998166,21410687,23-04-2014 00:28,Organic Dals & Pulses
M38622,7998166,7571385,23-04-2014 00:28,"Glucose, Marie & Milk Biscuits"
M38622,7998166,7587657,23-04-2014 00:28,Organic Dals & Pulses
M38622,7998166,7587667,23-04-2014 00:28,Organic Dals & Pulses
M38622,7998166,7587658,23-04-2014 00:28,"Organic Salt,Sugar & Jaggery"
M38622,7998166,15670251,23-04-2014 00:28,Organic F&V
M38622,7998166,93009288,23-04-2014 00:28,Organic Dals & Pulses
M38622,7998166,7561510,23-04-2014 00:28,Namkeen
M38622,7998166,7543240,23-04-2014 00:28,Organic Dals & Pulses
M38622,7998166,7587492,23-04-2014 00:28,"Organic Salt,Sugar & Jaggery"
M38622,7998166,15669871,23-04-2014 00:28,Other Rice Products
M38622,7998166,7561680,23-04-2014 00:28,Namkeen
M38622,7998166,7587659,23-04-2014 00:28,Organic Dals & Pulses
M38622,7999650,15668377,24-04-2014 11:28,Root Vegetables
M38622,7999650,34992844,24-04-2014 11:28,Cut Vegetables
M38622,8036068,15668465,10/4/2014 22:55,Root Vegetables
M38622,8036068,15669861,10/4/2014 22:55,Raw Peanuts
M38622,8036068,15668688,10/4/2014 22:55,Root Vegetables
M38622,8036068,15670251,10/4/2014 22:55,Organic F&V
M38622,8036068,15668460,10/4/2014 22:55,Gourd & Cucumber
M38622,8036068,15670144,10/4/2014 22:55,Organic F&V
M38622,8036068,15668416,10/4/2014 22:55,Banana
M38622,8036068,15668381,10/4/2014 22:55,Other Vegetables
M38622,8036068,15668377,10/4/2014 22:55,Root Vegetables
M38622,8062250,15668416,26-03-2014 19:24,Banana
M38622,8062250,15670255,26-03-2014 19:24,Organic F&V
M38622,8062250,7587663,26-03-2014 19:24,Organic Dals & Pulses
M38622,8062250,15670252,26-03-2014 19:24,Organic F&V
M38622,8062250,7587658,26-03-2014 19:24,"Organic Salt,Sugar & Jaggery"
M38622,8062250,15669886,26-03-2014 19:24,Sooji & Rava
M38622,8062250,7628037,26-03-2014 19:24,Ghee
M38622,8062250,15668381,26-03-2014 19:24,Other Vegetables
M38622,8062250,15670144,26-03-2014 19:24,Organic F&V
M38622,8062250,15670157,26-03-2014 19:24,Organic F&V
M38622,8062250,15670251,26-03-2014 19:24,Organic F&V
M38622,8062250,7587661,26-03-2014 19:24,Organic Dals & Pulses
M38622,8079043,15670144,2/4/2014 0:14,Organic F&V
M38622,8079043,15668466,2/4/2014 0:14,Root Vegetables
M38622,8079043,7587658,2/4/2014 0:14,"Organic Salt,Sugar & Jaggery"
M38622,8079043,34986125,2/4/2014 0:14,Whole Spices
M38622,8079043,15670255,2/4/2014 0:14,Organic F&V
M38622,8079043,15668449,2/4/2014 0:14,Exotic Vegetables
M38622,8079043,34989593,2/4/2014 0:14,Raisins
M38622,8088154,15670252,5/4/2014 14:16,Organic F&V
M38622,8088154,7587663,5/4/2014 14:16,Organic Dals & Pulses
M38622,8088154,15668379,5/4/2014 14:16,Other Vegetables
M38622,8088154,7587673,5/4/2014 14:16,Organic Dals & Pulses
M38622,8088154,7587491,5/4/2014 14:16,Organic Flours
M38622,8088154,15668416,5/4/2014 14:16,Banana
M38622,8088154,15668594,5/4/2014 14:16,Exotic Vegetables
M38622,8088154,93105684,5/4/2014 14:16,Organic Masalas & Spices
M38622,8088154,15668375,5/4/2014 14:16,Root Vegetables
M38622,8088154,15668465,5/4/2014 14:16,Root Vegetables
M38622,8088154,29247172,5/4/2014 14:16,Whole Spices
M38622,8088154,15670271,5/4/2014 14:16,Other Dals
M38622,8088154,34986113,5/4/2014 14:16,Whole Spices
M38622,8088154,15670144,5/4/2014 14:16,Organic F&V
M38622,8088154,7587687,5/4/2014 14:16,Organic Masalas & Spices
M38622,8088154,15669860,5/4/2014 14:16,Moong Dal
M38622,8088154,7587495,5/4/2014 14:16,Organic Dals & Pulses
M38622,8088154,34986125,5/4/2014 14:16,Whole Spices
M38622,8088154,21408940,5/4/2014 14:16,Whole Grains
M38622,8088154,7587665,5/4/2014 14:16,Organic Masalas & Spices
M38622,8099320,7587491,13-03-2014 23:32,Organic Flours
M38622,8099320,15670252,13-03-2014 23:32,Organic F&V
M38622,8099320,15668449,13-03-2014 23:32,Exotic Vegetables
M38622,8099320,15669780,13-03-2014 23:32,Sugar
M38622,8099320,15670144,13-03-2014 23:32,Organic F&V
M38622,8099320,7571385,13-03-2014 23:32,"Glucose, Marie & Milk Biscuits"
M38622,8099320,7587667,13-03-2014 23:32,Organic Dals & Pulses
M38622,8099320,21409129,13-03-2014 23:32,Whole Grains
M38622,8099320,15668381,13-03-2014 23:32,Other Vegetables
M38622,8099320,7587658,13-03-2014 23:32,"Organic Salt,Sugar & Jaggery"
M38622,8099320,15668416,13-03-2014 23:32,Banana
M38622,8099320,21410687,13-03-2014 23:32,Organic Dals & Pulses
M38622,8099320,7593949,13-03-2014 23:32,Cream Biscuits
M38622,8099320,15669835,13-03-2014 23:32,Raw Rice
M38622,8099320,34987655,13-03-2014 23:32,Hand Sanitizer
M38622,8099320,15668466,13-03-2014 23:32,Root Vegetables
M38622,8099320,7587655,13-03-2014 23:32,Organic Rice & Rice Products
M38622,8113046,15669882,19-03-2014 19:58,Sooji & Rava
M38622,8113046,15670252,19-03-2014 19:58,Organic F&V
M38622,8113046,15670253,19-03-2014 19:58,Organic F&V
M38622,8113046,15668449,19-03-2014 19:58,Exotic Vegetables
M38622,8113046,15670144,19-03-2014 19:58,Organic F&V
M38622,8113046,15668416,19-03-2014 19:58,Banana
M38622,8113046,7587495,19-03-2014 19:58,Organic Dals & Pulses
M38622,8113046,15670255,19-03-2014 19:58,Organic F&V
M38622,8113046,15668465,19-03-2014 19:58,Root Vegetables
M38622,8113046,15670250,19-03-2014 19:58,Organic F&V
M38622,8113046,15668381,19-03-2014 19:58,Other Vegetables
M38622,8113046,15670251,19-03-2014 19:58,Organic F&V
M38622,8113046,7587492,19-03-2014 19:58,"Organic Salt,Sugar & Jaggery"
M38622,8121821,7629390,23-03-2014 20:12,"Glucose, Marie & Milk Biscuits"
M38622,8121821,7543241,23-03-2014 20:12,Organic Dals & Pulses
M38622,8121821,15668377,23-03-2014 20:12,Root Vegetables
M38622,8121821,7653410,23-03-2014 20:12,Other Insect Repellent
M38622,8121821,15668416,23-03-2014 20:12,Banana
M38622,8121821,7587491,23-03-2014 20:12,Organic Flours
M38622,8121821,7587687,23-03-2014 20:12,Organic Masalas & Spices
M38622,8121821,7576453,23-03-2014 20:12,Mosquito Repellent
M38622,8121821,34993794,23-03-2014 20:12,Dairy & Cheese
M38622,8121821,7571385,23-03-2014 20:12,"Glucose, Marie & Milk Biscuits"
M38622,8121821,15669884,23-03-2014 20:12,Whole Spices
M38622,8132493,7587495,28-02-2014 12:11,Organic Dals & Pulses
M38622,8132493,7571385,28-02-2014 12:11,"Glucose, Marie & Milk Biscuits"
M38622,8132493,7587658,28-02-2014 12:11,"Organic Salt,Sugar & Jaggery"
M38622,8132493,15668377,28-02-2014 12:11,Root Vegetables
M38622,8132493,15668416,28-02-2014 12:11,Banana
M38622,8132493,15670157,28-02-2014 12:11,Organic F&V
M38622,8132493,93009288,28-02-2014 12:11,Organic Dals & Pulses
M38622,8133108,34992319,28-02-2014 22:21,Organic Breakfast Cereals
M38622,8139074,7628037,2/3/2014 21:15,Ghee
M38622,8147793,15669871,6/3/2014 9:29,Other Rice Products
M38622,8147793,7587661,6/3/2014 9:29,Organic Dals & Pulses
M38622,8147793,15670144,6/3/2014 9:29,Organic F&V
M38622,8147793,15670157,6/3/2014 9:29,Organic F&V
M38622,8147793,15668381,6/3/2014 9:29,Other Vegetables
M38622,8147793,92392797,6/3/2014 9:29,After Shave
M38622,8147793,15670248,6/3/2014 9:29,Organic F&V
M38622,8147793,15670250,6/3/2014 9:29,Organic F&V
M38622,8147793,15668460,6/3/2014 9:29,Gourd & Cucumber
M38622,8147793,7587687,6/3/2014 9:29,Organic Masalas & Spices
M38622,8147793,15670252,6/3/2014 9:29,Organic F&V
M38622,8147793,7587491,6/3/2014 9:29,Organic Flours
M38622,8147793,15668449,6/3/2014 9:29,Exotic Vegetables
M38622,8147793,15670255,6/3/2014 9:29,Organic F&V
M38622,8147793,15670251,6/3/2014 9:29,Organic F&V
M38622,8147793,21408940,6/3/2014 9:29,Whole Grains
M38622,8147793,15668466,6/3/2014 9:29,Root Vegetables
M38622,8147793,15668416,6/3/2014 9:29,Banana
M38622,8157101,15668416,9/3/2014 22:34,Banana
M38622,8157101,7587663,9/3/2014 22:34,Organic Dals & Pulses
M38622,8157101,7587677,9/3/2014 22:34,Organic Dals & Pulses
M38622,8170931,15670157,16-02-2014 21:32,Organic F&V
M38622,8170931,15670260,16-02-2014 21:32,Organic F&V
M38622,8170931,15668416,16-02-2014 21:32,Banana
M38622,8170931,15668449,16-02-2014 21:32,Exotic Vegetables
M38622,8170931,15668381,16-02-2014 21:32,Other Vegetables
M38622,8170931,7601670,16-02-2014 21:32,Shaving Blade & Razors
M38622,8170931,15669824,16-02-2014 21:32,Raw Rice
M38622,8170931,15669880,16-02-2014 21:32,Sooji & Rava
M38622,8170931,7587495,16-02-2014 21:32,Organic Dals & Pulses
M38622,8170931,7601862,16-02-2014 21:32,"Shaving Cream, Foam & Gels"
M38622,8187803,21408940,23-02-2014 19:43,Whole Grains
M38622,8187803,7587674,23-02-2014 19:43,Organic Masalas & Spices
M38622,8187803,7642488,23-02-2014 19:43,Ice Creams & Desserts
M38622,8187803,7570671,23-02-2014 19:43,Liquid Soaps & Bars
M38622,8187803,7543241,23-02-2014 19:43,Organic Dals & Pulses
M38622,8187803,7632452,23-02-2014 19:43,Liquid Detergent
M38622,8187803,7629391,23-02-2014 19:43,"Glucose, Marie & Milk Biscuits"
M38622,8187803,15670144,23-02-2014 19:43,Organic F&V
M38622,8187803,7587491,23-02-2014 19:43,Organic Flours
M38622,8187803,15668416,23-02-2014 19:43,Banana
M38622,8187803,15668466,23-02-2014 19:43,Root Vegetables
M38622,8212064,34992256,5/2/2014 22:53,Organic Breakfast Cereals
M38622,8212064,7543241,5/2/2014 22:53,Organic Dals & Pulses
M38622,8212064,15670157,5/2/2014 22:53,Organic F&V
M38622,8212064,34992319,5/2/2014 22:53,Organic Breakfast Cereals
M38622,8212064,7587674,5/2/2014 22:53,Organic Masalas & Spices
M38622,8212064,21408940,5/2/2014 22:53,Whole Grains
M38622,8212064,15668466,5/2/2014 22:53,Root Vegetables
M38622,8212064,15670168,5/2/2014 22:53,Organic F&V
M38622,8212064,7587495,5/2/2014 22:53,Organic Dals & Pulses
M38622,8212064,7587658,5/2/2014 22:53,"Organic Salt,Sugar & Jaggery"
M38622,8212064,7587661,5/2/2014 22:53,Organic Dals & Pulses
M38622,8212064,7587687,5/2/2014 22:53,Organic Masalas & Spices
M38622,8212064,15668448,5/2/2014 22:53,Exotic Vegetables
M38622,8212064,34992317,5/2/2014 22:53,Organic Breakfast Cereals
M38622,8212064,7587493,5/2/2014 22:53,"Organic Salt,Sugar & Jaggery"
M38622,8215057,7587492,7/2/2014 13:19,"Organic Salt,Sugar & Jaggery"
M38622,8243013,7543241,20-01-2014 21:48,Organic Dals & Pulses
M38622,8243013,15668377,20-01-2014 21:48,Root Vegetables
M38622,8243013,15668449,20-01-2014 21:48,Exotic Vegetables
M38622,8243013,15670248,20-01-2014 21:48,Organic F&V
M38622,8243013,7587495,20-01-2014 21:48,Organic Dals & Pulses
M38622,8243013,7587661,20-01-2014 21:48,Organic Dals & Pulses
M38622,8243013,15669910,20-01-2014 21:48,Brinjals
M38622,8243013,15670260,20-01-2014 21:48,Organic F&V
M38622,8243013,15668453,20-01-2014 21:48,Brinjals
M38622,8243013,15668688,20-01-2014 21:48,Root Vegetables
M38622,8243013,15670251,20-01-2014 21:48,Organic F&V
M38622,8243013,21408940,20-01-2014 21:48,Whole Grains
M38622,8243013,15670250,20-01-2014 21:48,Organic F&V
M38622,8243013,15668463,20-01-2014 21:48,Gourd & Cucumber
M38622,8243013,15670252,20-01-2014 21:48,Organic F&V
M38622,8243013,15668381,20-01-2014 21:48,Other Vegetables
M38622,8254115,15668449,26-01-2014 16:24,Exotic Vegetables
M38622,8254115,15670260,26-01-2014 16:24,Organic F&V
M38622,8254115,34989858,26-01-2014 16:24,Phenyles & Acids
M38622,8254115,7632452,26-01-2014 16:24,Liquid Detergent
M38622,8254115,34992256,26-01-2014 16:24,Organic Breakfast Cereals
M38622,8254115,34992317,26-01-2014 16:24,Organic Breakfast Cereals
M38622,8254115,15670252,26-01-2014 16:24,Organic F&V
M38622,8254115,21409129,26-01-2014 16:24,Whole Grains
M38622,8254115,7571385,26-01-2014 16:24,"Glucose, Marie & Milk Biscuits"
M38622,8255045,7572858,26-01-2014 22:17,Other Pooja Needs
M38622,8263507,15670158,28-12-2013 22:02,Organic F&V
M38622,8263507,34992815,28-12-2013 22:02,Cookies
M38622,8263507,15670260,28-12-2013 22:02,Organic F&V
M38622,8263507,7628037,28-12-2013 22:02,Ghee
M38622,8263507,15670251,28-12-2013 22:02,Organic F&V
M38622,8263507,15670157,28-12-2013 22:02,Organic F&V
M38622,8263621,34992815,28-12-2013 23:55,Cookies
M38622,8272082,34990686,2/1/2014 23:34,Soups
M38622,8272082,7587659,2/1/2014 23:34,Organic Dals & Pulses
M38622,8272082,15668469,2/1/2014 23:34,Beans
M38622,8272082,34989476,2/1/2014 23:34,Soups
M38622,8272082,34986113,2/1/2014 23:34,Whole Spices
M38622,8272082,7587679,2/1/2014 23:34,Organic Flours
M38622,8272082,7587658,2/1/2014 23:34,"Organic Salt,Sugar & Jaggery"
M38622,8272082,7587694,2/1/2014 23:34,Organic Masalas & Spices
M38622,8272082,92392793,2/1/2014 23:34,"Shaving Cream, Foam & Gels"
M38622,8272082,21410626,2/1/2014 23:34,Organic Dals & Pulses
M38622,8272082,7587494,2/1/2014 23:34,Organic Masalas & Spices
M38622,8272082,7587657,2/1/2014 23:34,Organic Dals & Pulses
M38622,8272082,15668460,2/1/2014 23:34,Gourd & Cucumber
M38622,8272082,7541573,2/1/2014 23:34,"Glucose, Marie & Milk Biscuits"
M38622,8272082,7587492,2/1/2014 23:34,"Organic Salt,Sugar & Jaggery"
M38622,8272082,15668458,2/1/2014 23:34,Brinjals
M38622,8272082,7587655,2/1/2014 23:34,Organic Rice & Rice Products
M38622,8272082,15668466,2/1/2014 23:34,Root Vegetables
M38622,8272082,15668381,2/1/2014 23:34,Other Vegetables
M38622,8272082,7587656,2/1/2014 23:34,Organic Rice & Rice Products
M38622,8272082,15668688,2/1/2014 23:34,Root Vegetables
M38622,8272082,7587651,2/1/2014 23:34,Organic Rice & Rice Products
M38622,8272082,15670260,2/1/2014 23:34,Organic F&V
M38622,8272082,7640186,2/1/2014 23:34,Honey
M38622,8272082,7543247,2/1/2014 23:34,Organic Dals & Pulses
M38622,8272082,7543241,2/1/2014 23:34,Organic Dals & Pulses
M38622,8272082,7587672,2/1/2014 23:34,Organic Masalas & Spices
M38622,8272082,7587664,2/1/2014 23:34,Organic Dals & Pulses
M38622,8272082,7587675,2/1/2014 23:34,Organic Dals & Pulses
M38622,8272082,15670251,2/1/2014 23:34,Organic F&V
M38622,8272082,15670157,2/1/2014 23:34,Organic F&V
M38622,8272082,7656171,2/1/2014 23:34,"Shaving Cream, Foam & Gels"
M38622,8272082,7587693,2/1/2014 23:34,Organic Masalas & Spices
M38622,8272082,34990681,2/1/2014 23:34,Soups
M38622,8272082,7571385,2/1/2014 23:34,"Glucose, Marie & Milk Biscuits"
M38622,8301487,15668463,12/12/2013 23:30,Gourd & Cucumber
M38622,8301487,34986127,12/12/2013 23:30,Whole Spices
M38622,8301487,15670157,12/12/2013 23:30,Organic F&V
M38622,8301487,7632452,12/12/2013 23:30,Liquid Detergent
M38622,8301487,21408940,12/12/2013 23:30,Whole Grains
M38622,8301487,7601670,12/12/2013 23:30,Shaving Blade & Razors
M38622,8301487,15670251,12/12/2013 23:30,Organic F&V
M38622,8301487,15668449,12/12/2013 23:30,Exotic Vegetables
M38622,8301487,15670252,12/12/2013 23:30,Organic F&V
M38622,8301487,15670260,12/12/2013 23:30,Organic F&V
M38622,8310952,15668460,18-12-2013 13:05,Gourd & Cucumber
M38622,8310952,15670251,18-12-2013 13:05,Organic F&V
M38622,8310952,15670157,18-12-2013 13:05,Organic F&V
M38622,8310952,7587661,18-12-2013 13:05,Organic Dals & Pulses
M38622,8322646,15670251,24-12-2013 23:43,Organic F&V
M38622,8322646,15670271,24-12-2013 23:43,Other Dals
M38622,8322646,15670253,24-12-2013 23:43,Organic F&V
M38622,8322646,15670252,24-12-2013 23:43,Organic F&V
M38622,8322646,34986113,24-12-2013 23:43,Whole Spices
M38622,8322646,15670157,24-12-2013 23:43,Organic F&V
M38622,8322646,21408940,24-12-2013 23:43,Whole Grains
M38622,8322646,7587495,24-12-2013 23:43,Organic Dals & Pulses
M38622,8322646,34992815,24-12-2013 23:43,Cookies
M38622,8322646,7587492,24-12-2013 23:43,"Organic Salt,Sugar & Jaggery"
M38622,8322646,21410626,24-12-2013 23:43,Organic Dals & Pulses
M38622,8322910,34992815,25-12-2013 10:26,Cookies
M38622,8334626,15670251,27-11-2013 12:37,Organic F&V
M38622,8334626,15670252,27-11-2013 12:37,Organic F&V
M38622,8334626,15670260,27-11-2013 12:37,Organic F&V
M38622,8340794,7601670,30-11-2013 16:51,Shaving Blade & Razors
M38622,8340794,15670260,30-11-2013 16:51,Organic F&V
M38622,8353050,15670260,6/12/2013 12:51,Organic F&V
M38622,8353050,15670252,6/12/2013 12:51,Organic F&V
M38622,8353050,7587673,6/12/2013 12:51,Organic Dals & Pulses
M38622,8353050,15669871,6/12/2013 12:51,Other Rice Products
M38622,8353050,15670157,6/12/2013 12:51,Organic F&V
M38622,8353050,7587490,6/12/2013 12:51,Organic Dals & Pulses
M38622,8353050,7587661,6/12/2013 12:51,Organic Dals & Pulses
M38622,8358644,7601668,1/11/2013 20:38,Shaving Blade & Razors
M38622,8358644,7601862,1/11/2013 20:38,"Shaving Cream, Foam & Gels"
M38622,8358868,7642488,1/11/2013 22:56,Ice Creams & Desserts
